-- phpMyAdmin SQL Dump
-- version 5.2.1
-- https://www.phpmyadmin.net/
--
-- Hôte : 127.0.0.1:3306
-- Généré le : mar. 19 mars 2024 à 07:42
-- Version du serveur : 8.2.0
-- Version de PHP : 8.2.13

SET SQL_MODE = "NO_AUTO_VALUE_ON_ZERO";
START TRANSACTION;
SET time_zone = "+00:00";


/*!40101 SET @OLD_CHARACTER_SET_CLIENT=@@CHARACTER_SET_CLIENT */;
/*!40101 SET @OLD_CHARACTER_SET_RESULTS=@@CHARACTER_SET_RESULTS */;
/*!40101 SET @OLD_COLLATION_CONNECTION=@@COLLATION_CONNECTION */;
/*!40101 SET NAMES utf8mb4 */;

--
-- Base de données : `projetaeroport`
--

-- --------------------------------------------------------

--
-- Structure de la table `avion`
--

DROP TABLE IF EXISTS `avion`;
CREATE TABLE IF NOT EXISTS `avion` (
  `id_avion` int NOT NULL AUTO_INCREMENT,
  `nb_place` int NOT NULL,
  `immat` varchar(150) NOT NULL,
  `ref_modele` int NOT NULL,
  PRIMARY KEY (`id_avion`),
  KEY `fk_avion_modele` (`ref_modele`)
) ENGINE=InnoDB AUTO_INCREMENT=51 DEFAULT CHARSET=utf8mb4 COLLATE=utf8mb4_0900_ai_ci;

--
-- Déchargement des données de la table `avion`
--

INSERT INTO `avion` (`id_avion`, `nb_place`, `immat`, `ref_modele`) VALUES
(1, 596, '7244-2054-4727', 14),
(2, 515, '4569-5701-3237', 16),
(3, 542, '1627-3126-1786', 12),
(4, 442, '5877-4804-1605', 21),
(5, 485, '3541-8755-6638', 19),
(6, 264, '6059-6188-9718', 21),
(7, 711, '0286-9778-5262', 5),
(8, 428, '2531-4386-2224', 2),
(9, 413, '3155-8320-6608', 21),
(10, 327, '5808-8237-4921', 8),
(11, 797, '8188-6521-5230', 2),
(12, 838, '3418-0683-8656', 9),
(13, 365, '8975-5048-3852', 19),
(14, 370, '1543-6578-6914', 23),
(15, 175, '7582-5259-6005', 6),
(16, 704, '3166-0751-2184', 6),
(17, 669, '3855-8387-0657', 13),
(18, 429, '1505-7102-3533', 1),
(19, 231, '7893-3671-8167', 16),
(20, 622, '2423-7280-9576', 18),
(21, 213, '9616-1925-9234', 16),
(22, 643, '6647-2655-2041', 19),
(23, 255, '1823-8706-8143', 24),
(24, 834, '0571-9552-9597', 12),
(25, 830, '0168-9583-9004', 2),
(26, 761, '0387-5832-1380', 24),
(27, 350, '6475-7954-1864', 2),
(28, 250, '2430-8550-0634', 4),
(29, 839, '8468-2544-7701', 2),
(30, 745, '6564-4769-4635', 10),
(31, 845, '2751-5435-4671', 24),
(32, 503, '7726-3021-2262', 21),
(33, 272, '2396-8744-3986', 2),
(34, 600, '9183-1154-1238', 5),
(35, 601, '8036-7706-4067', 23),
(36, 271, '0466-3623-5765', 7),
(37, 271, '5382-7061-7275', 4),
(38, 735, '7988-3956-3708', 8),
(39, 406, '6132-5389-8238', 1),
(40, 553, '5094-2288-7837', 6),
(41, 450, '1867-4282-7754', 19),
(42, 806, '6379-6754-6928', 16),
(43, 821, '7833-8081-2885', 9),
(44, 796, '3468-8638-1386', 6),
(45, 690, '4684-4261-6774', 13),
(46, 580, '2872-1351-2557', 14),
(47, 620, '1818-6431-2185', 22),
(48, 240, '7151-6267-9728', 17),
(49, 563, '6243-7034-3827', 8),
(50, 183, '4161-8748-1615', 16);

-- --------------------------------------------------------

--
-- Structure de la table `compagnie`
--

DROP TABLE IF EXISTS `compagnie`;
CREATE TABLE IF NOT EXISTS `compagnie` (
  `id_companie` int NOT NULL AUTO_INCREMENT,
  `nom` varchar(100) NOT NULL,
  `numero` varchar(50) NOT NULL,
  PRIMARY KEY (`id_companie`)
) ENGINE=InnoDB AUTO_INCREMENT=16 DEFAULT CHARSET=utf8mb4 COLLATE=utf8mb4_0900_ai_ci;

--
-- Déchargement des données de la table `compagnie`
--

INSERT INTO `compagnie` (`id_companie`, `nom`, `numero`) VALUES
(1, 'Pellentesque Ut Ipsum LLC', '03 26 34 14 52'),
(2, 'Magna Nam Industries', '1-235-736-2871'),
(3, 'Commodo Auctor Company', '07 74 13 68 64'),
(4, 'Etiam Ligula Industries', '1-436-372-4538'),
(5, 'Nam Nulla Magna Ltd', '558-7825'),
(6, 'Mauris Ipsum Porta Associates', '02 14 64 44 54'),
(7, 'Tempus Mauris LLP', '1-259-737-9227'),
(8, 'Arcu LLP', '01 02 42 13 24'),
(9, 'Quam Quis Industries', '01 28 52 17 51'),
(10, 'Ipsum Dolor Inc.', '06 76 74 25 13'),
(11, 'Ac Facilisis Consulting', '997-7468'),
(12, 'Sit Amet Limited', '07 15 53 16 38'),
(13, 'Lorem Ipsum Ltd', '944-4883'),
(14, 'Curae Phasellus Ornare Corp.', '1-645-866-7498'),
(15, 'Sem Pellentesque Ut PC', '01 93 74 36 48');

-- --------------------------------------------------------

--
-- Structure de la table `conge`
--

DROP TABLE IF EXISTS `conge`;
CREATE TABLE IF NOT EXISTS `conge` (
  `id_conge` int NOT NULL AUTO_INCREMENT,
  `date_debut` date NOT NULL,
  `date_fin` date NOT NULL,
  PRIMARY KEY (`id_conge`)
) ENGINE=InnoDB DEFAULT CHARSET=utf8mb4 COLLATE=utf8mb4_0900_ai_ci;

-- --------------------------------------------------------

--
-- Structure de la table `destination`
--

DROP TABLE IF EXISTS `destination`;
CREATE TABLE IF NOT EXISTS `destination` (
  `id_destination` int NOT NULL AUTO_INCREMENT,
  `nom_aeroport` varchar(100) NOT NULL,
  `ref_ville` int NOT NULL,
  PRIMARY KEY (`id_destination`),
  KEY `fk_destination_pays` (`ref_ville`)
) ENGINE=InnoDB AUTO_INCREMENT=101 DEFAULT CHARSET=utf8mb4 COLLATE=utf8mb4_0900_ai_ci;

--
-- Déchargement des données de la table `destination`
--

INSERT INTO `destination` (`id_destination`, `nom_aeroport`, `ref_ville`) VALUES
(1, 'Daquan Gaines Aéroport', 198),
(2, 'Chantale Cabrera Aéroport', 123),
(3, 'Patrick Trujillo Aéroport', 193),
(4, 'Amir Baker Aéroport', 23),
(5, 'Macey Davis Aéroport', 84),
(6, 'Matthew Parrish Aéroport', 133),
(7, 'May Ochoa Aéroport', 126),
(8, 'Cathleen Mathews Aéroport', 248),
(9, 'Ethan Wiggins Aéroport', 181),
(10, 'Igor Coffey Aéroport', 124),
(11, 'Miranda Bowen Aéroport', 243),
(12, 'Raja Barton Aéroport', 231),
(13, 'Maite Wilkins Aéroport', 184),
(14, 'Britanni Conrad Aéroport', 59),
(15, 'Dawn Matthews Aéroport', 249),
(16, 'Abbot Sanford Aéroport', 77),
(17, 'Hamish Snider Aéroport', 91),
(18, 'Lara Shaffer Aéroport', 212),
(19, 'Driscoll Morris Aéroport', 94),
(20, 'Driscoll Snyder Aéroport', 123),
(21, 'Yoko Ratliff Aéroport', 24),
(22, 'Wesley Sweeney Aéroport', 51),
(23, 'Denise Puckett Aéroport', 156),
(24, 'Zahir Parsons Aéroport', 85),
(25, 'David Buck Aéroport', 120),
(26, 'Driscoll Sharp Aéroport', 149),
(27, 'Hillary Pennington Aéroport', 45),
(28, 'Orson Buckley Aéroport', 8),
(29, 'Bryar Duran Aéroport', 224),
(30, 'Hermione Barry Aéroport', 162),
(31, 'Frances Bradford Aéroport', 123),
(32, 'Jeremy Baker Aéroport', 172),
(33, 'Brynne Preston Aéroport', 146),
(34, 'Ross Hanson Aéroport', 250),
(35, 'Kelly Richmond Aéroport', 131),
(36, 'Jaden Nelson Aéroport', 118),
(37, 'May Wolf Aéroport', 62),
(38, 'May Knight Aéroport', 183),
(39, 'Morgan Stevens Aéroport', 213),
(40, 'Blythe Carrillo Aéroport', 157),
(41, 'Iona Stanley Aéroport', 194),
(42, 'Cruz Hale Aéroport', 102),
(43, 'Macon Pierce Aéroport', 88),
(44, 'Summer Mcleod Aéroport', 197),
(45, 'Daria Hendricks Aéroport', 45),
(46, 'Carolyn Luna Aéroport', 52),
(47, 'Nero Padilla Aéroport', 49),
(48, 'Armand Hull Aéroport', 91),
(49, 'Ori Lawson Aéroport', 132),
(50, 'Burke Cardenas Aéroport', 41),
(51, 'Felix Chavez Aéroport', 70),
(52, 'Brenden Richards Aéroport', 2),
(53, 'Joy Beck Aéroport', 119),
(54, 'Iola Brewer Aéroport', 100),
(55, 'Nehru Mclean Aéroport', 79),
(56, 'Ursa Peterson Aéroport', 95),
(57, 'Marah Booth Aéroport', 69),
(58, 'Olympia Wilkins Aéroport', 62),
(59, 'Adam Hewitt Aéroport', 129),
(60, 'Ferris Barber Aéroport', 68),
(61, 'Yvonne Dejesus Aéroport', 71),
(62, 'Pamela Bonner Aéroport', 152),
(63, 'Ali Hughes Aéroport', 38),
(64, 'Ainsley Perry Aéroport', 87),
(65, 'Natalie Larsen Aéroport', 65),
(66, 'Castor Barker Aéroport', 43),
(67, 'Wynter York Aéroport', 62),
(68, 'Alice Duffy Aéroport', 4),
(69, 'Uriah Logan Aéroport', 200),
(70, 'Inez O\'donnell Aéroport', 214),
(71, 'Tanek Russell Aéroport', 195),
(72, 'Shay Alvarado Aéroport', 167),
(73, 'Marsden Holloway Aéroport', 4),
(74, 'Clio Olsen Aéroport', 73),
(75, 'Linus Gates Aéroport', 150),
(76, 'Cailin Kinney Aéroport', 65),
(77, 'Brynn Massey Aéroport', 166),
(78, 'Martin Huff Aéroport', 74),
(79, 'Daquan Gray Aéroport', 215),
(80, 'Marah Hubbard Aéroport', 149),
(81, 'Rashad Spencer Aéroport', 64),
(82, 'Kaitlin Cardenas Aéroport', 143),
(83, 'Leilani Snyder Aéroport', 132),
(84, 'Ruby Salas Aéroport', 106),
(85, 'Daquan Spence Aéroport', 4),
(86, 'Xantha Sampson Aéroport', 169),
(87, 'Fulton Lawrence Aéroport', 116),
(88, 'Aladdin Bailey Aéroport', 156),
(89, 'Castor Mayo Aéroport', 76),
(90, 'Ezekiel Velazquez Aéroport', 218),
(91, 'Steel Fry Aéroport', 227),
(92, 'Camilla Johnson Aéroport', 80),
(93, 'Jerome Mckinney Aéroport', 246),
(94, 'Benedict Ramsey Aéroport', 102),
(95, 'Serena Blevins Aéroport', 209),
(96, 'Jennifer Molina Aéroport', 218),
(97, 'Armand Hyde Aéroport', 250),
(98, 'Geoffrey Carrillo Aéroport', 86),
(99, 'Noelle Knapp Aéroport', 208),
(100, 'Tyrone Campos Aéroport', 11);

-- --------------------------------------------------------

--
-- Doublure de structure pour la vue `listpilote`
-- (Voir ci-dessous la vue réelle)
--
DROP VIEW IF EXISTS `listpilote`;
CREATE TABLE IF NOT EXISTS `listpilote` (
`nom` varchar(100)
,`prenom` varchar(100)
,`mail` varchar(150)
,`ref_compagnie` int
);

-- --------------------------------------------------------

--
-- Doublure de structure pour la vue `listvol`
-- (Voir ci-dessous la vue réelle)
--
DROP VIEW IF EXISTS `listvol`;
CREATE TABLE IF NOT EXISTS `listvol` (
`date` date
,`heure_dep` time
,`heure_arr` time
,`nom_aeroport` varchar(100)
,`nom` varchar(100)
);

-- --------------------------------------------------------

--
-- Structure de la table `modele`
--

DROP TABLE IF EXISTS `modele`;
CREATE TABLE IF NOT EXISTS `modele` (
  `id_modele` int NOT NULL AUTO_INCREMENT,
  `nom` varchar(100) NOT NULL,
  PRIMARY KEY (`id_modele`)
) ENGINE=InnoDB AUTO_INCREMENT=26 DEFAULT CHARSET=utf8mb4 COLLATE=utf8mb4_0900_ai_ci;

--
-- Déchargement des données de la table `modele`
--

INSERT INTO `modele` (`id_modele`, `nom`) VALUES
(1, 'A128'),
(2, 'A045'),
(3, 'A632'),
(4, 'A134'),
(5, 'A497'),
(6, 'A763'),
(7, 'A116'),
(8, 'A317'),
(9, 'A485'),
(10, 'A618'),
(11, 'A836'),
(12, 'A116'),
(13, 'A018'),
(14, 'A885'),
(15, 'A528'),
(16, 'A112'),
(17, 'A883'),
(18, 'A245'),
(19, 'A272'),
(20, 'A108'),
(21, 'A538'),
(22, 'A789'),
(23, 'A416'),
(24, 'A525'),
(25, 'A452');

-- --------------------------------------------------------

--
-- Structure de la table `pays`
--

DROP TABLE IF EXISTS `pays`;
CREATE TABLE IF NOT EXISTS `pays` (
  `id_pays` int NOT NULL AUTO_INCREMENT,
  `nom` varchar(100) NOT NULL,
  PRIMARY KEY (`id_pays`)
) ENGINE=InnoDB AUTO_INCREMENT=91 DEFAULT CHARSET=utf8mb4 COLLATE=utf8mb4_0900_ai_ci;

--
-- Déchargement des données de la table `pays`
--

INSERT INTO `pays` (`id_pays`, `nom`) VALUES
(1, 'Sweden'),
(2, 'Sweden'),
(3, 'Turkey'),
(4, 'Italy'),
(5, 'Indonesia'),
(6, 'Brazil'),
(7, 'Mexico'),
(8, 'Italy'),
(9, 'Brazil'),
(10, 'Canada'),
(11, 'United Kingdom'),
(12, 'Ireland'),
(13, 'South Korea'),
(14, 'Singapore'),
(15, 'South Africa'),
(16, 'France'),
(17, 'India'),
(18, 'Australia'),
(19, 'New Zealand'),
(20, 'Mexico'),
(21, 'Mexico'),
(22, 'Peru'),
(23, 'United States'),
(24, 'Austria'),
(25, 'Turkey'),
(26, 'Peru'),
(27, 'United States'),
(28, 'France'),
(29, 'Brazil'),
(30, 'Norway'),
(31, 'Canada'),
(32, 'Ireland'),
(33, 'Costa Rica'),
(34, 'South Africa'),
(35, 'Nigeria'),
(36, 'Chile'),
(37, 'Ireland'),
(38, 'South Africa'),
(39, 'India'),
(40, 'Colombia'),
(41, 'Germany'),
(42, 'Australia'),
(43, 'United States'),
(44, 'Indonesia'),
(45, 'Canada'),
(46, 'Australia'),
(47, 'United Kingdom'),
(48, 'Mexico'),
(49, 'South Africa'),
(50, 'Philippines'),
(51, 'Canada'),
(52, 'Nigeria'),
(53, 'Russian Federation'),
(54, 'Italy'),
(55, 'South Korea'),
(56, 'Brazil'),
(57, 'Germany'),
(58, 'Mexico'),
(59, 'France'),
(60, 'South Korea'),
(61, 'Nigeria'),
(62, 'Russian Federation'),
(63, 'Indonesia'),
(64, 'Germany'),
(65, 'Pakistan'),
(66, 'Russian Federation'),
(67, 'Colombia'),
(68, 'Spain'),
(69, 'Poland'),
(70, 'Netherlands'),
(71, 'Peru'),
(72, 'Indonesia'),
(73, 'Mexico'),
(74, 'Austria'),
(75, 'Pakistan'),
(76, 'France'),
(77, 'Sweden'),
(78, 'Philippines'),
(79, 'Singapore'),
(80, 'Russian Federation'),
(81, 'South Korea'),
(82, 'Chile'),
(83, 'Vietnam'),
(84, 'Indonesia'),
(85, 'United Kingdom'),
(86, 'India'),
(87, 'United Kingdom'),
(88, 'China'),
(89, 'Belgium'),
(90, 'South Korea');

-- --------------------------------------------------------

--
-- Structure de la table `user`
--

DROP TABLE IF EXISTS `user`;
CREATE TABLE IF NOT EXISTS `user` (
  `id_user` int NOT NULL AUTO_INCREMENT,
  `nom` varchar(100) NOT NULL,
  `prenom` varchar(100) NOT NULL,
  `mail` varchar(150) NOT NULL,
  `mdp` varchar(200) NOT NULL,
  `date` date NOT NULL,
  `ville` varchar(100) NOT NULL,
  `fonction` varchar(150) NOT NULL DEFAULT 'Client',
  `ref_compagnie` int DEFAULT NULL,
  PRIMARY KEY (`id_user`),
  KEY `fk_user_companie` (`ref_compagnie`)
) ENGINE=InnoDB AUTO_INCREMENT=506 DEFAULT CHARSET=utf8mb4 COLLATE=utf8mb4_0900_ai_ci;

--
-- Déchargement des données de la table `user`
--

INSERT INTO `user` (`id_user`, `nom`, `prenom`, `mail`, `mdp`, `date`, `ville`, `fonction`, `ref_compagnie`) VALUES
(1, 'ROHEE', 'Alexis', 'Hdidogs.pro@gmail.com', '$2y$10$wP/o6uwMBW9LaoU30uMss.dcT73jSr4.OZkDMgk5yJBte9xe4/U.i', '2004-12-24', 'DOMONT', 'Client', NULL),
(5, 'ROHEE', 'Alexis', 'A.ROHEE@lprs.fr', '$2y$10$P8CyrND0foNbvakDaAjygOJCl3BpAEKqGRFwY7ijgxjWjl60QAlZi', '2004-12-24', 'DOMONT', 'Client', NULL),
(6, 'Franklin', 'Elliott', 'duis.mi.enim@yahoo.com', 'QCW61YSZ1NME', '2023-10-28', 'Bloomington', 'Client', NULL),
(7, 'Mendoza', 'Erich', 'ipsum.curabitur@google.ca', 'MQK93FIQ2TEB', '2024-10-13', 'Lidingo', 'Client', NULL),
(8, 'Bolton', 'Willow', 'malesuada.vel.convallis@google.couk', 'VFQ64BGV8QGM', '2024-10-29', 'Austin', 'Pilote', NULL),
(9, 'Terrell', 'Kaye', 'gravida.sagittis@protonmail.org', 'JQQ24IOC6LZW', '2023-08-24', 'Cantley', 'Pilote', NULL),
(10, 'Donaldson', 'Michelle', 'pede.ultrices@yahoo.couk', 'XEL13UIG9YPQ', '2023-05-06', 'Essex', 'Compagnie', NULL),
(11, 'Mcdowell', 'Tad', 'eu.tellus.eu@hotmail.edu', 'KWC69XZF5POF', '2023-07-14', 'Sioux City', 'Compagnie', NULL),
(12, 'Garrison', 'Giselle', 'vulputate.dui@outlook.edu', 'IOU73GVG6BZM', '2023-06-28', 'Bad Kreuznach', 'Client', NULL),
(13, 'Campbell', 'Jasper', 'etiam.gravida.molestie@outlook.org', 'DLJ55MZH5UGT', '2024-08-29', 'Cumberland County', 'Client', NULL),
(14, 'Le', 'Nayda', 'risus.duis.a@outlook.ca', 'QOI62MJX6AIX', '2024-07-06', 'Chartres', 'Pilote', NULL),
(15, 'Gamble', 'Connor', 'integer.urna@aol.org', 'DYV45RLG6DUV', '2024-04-22', 'Limoges', 'Pilote', NULL),
(16, 'Dean', 'Frances', 'gravida.praesent@yahoo.com', 'PSH68DCQ3TTW', '2024-01-13', 'Saint-Dizier', 'Compagnie', NULL),
(17, 'Acevedo', 'Leonard', 'duis.gravida.praesent@hotmail.edu', 'QVJ38DCS0YPM', '2024-12-27', 'Sint-Pieters-Woluwe', 'Compagnie', NULL),
(18, 'Juarez', 'Micah', 'aliquet@protonmail.com', 'TWU39PZO5CXY', '2024-09-16', 'Bever Bievene', 'Client', NULL),
(19, 'Mcdaniel', 'Vance', 'porttitor.scelerisque@protonmail.org', 'WEF68QSS2QTG', '2023-05-29', 'Brest', 'Client', NULL),
(20, 'Best', 'Zeph', 'donec@outlook.com', 'SUN85QWR4LYZ', '2023-06-25', 'Coldstream', 'Pilote', NULL),
(21, 'Benjamin', 'Tanek', 'conubia@hotmail.org', 'WCL62XWC5FXX', '2025-02-19', 'Klemskerke', 'Pilote', NULL),
(22, 'Porter', 'Jolene', 'morbi.quis@hotmail.couk', 'XIB31VSJ9MHI', '2024-01-29', 'Pontarlier', 'Compagnie', NULL),
(23, 'Gaines', 'Ryder', 'ligula.nullam.feugiat@outlook.ca', 'JGI91OQV2JYQ', '2023-09-22', 'Limoges', 'Compagnie', NULL),
(24, 'Luna', 'Deborah', 'proin@outlook.couk', 'YAT62HSY1FUC', '2024-01-08', 'Hennigsdorf', 'Client', NULL),
(25, 'Powers', 'Katell', 'erat@google.edu', 'IVB16JRT1RLQ', '2025-03-17', 'Ockelbo', 'Client', NULL),
(26, 'Hyde', 'Clio', 'cras.lorem@aol.edu', 'NMO28RAX3HDT', '2024-08-07', 'Whitehorse', 'Pilote', NULL),
(27, 'Spence', 'Lee', 'proin.ultrices.duis@hotmail.ca', 'VTX64FXS3SMD', '2024-03-12', 'Meer', 'Pilote', NULL),
(28, 'Small', 'Nicholas', 'eu.dolor.egestas@protonmail.couk', 'ICS58ZJD7HBZ', '2024-02-03', 'Kapolei', 'Compagnie', NULL),
(29, 'Hodges', 'Avye', 'odio.nam.interdum@hotmail.couk', 'MWK25ABC8UMQ', '2023-07-19', 'Nässjö', 'Compagnie', NULL),
(30, 'Lang', 'Karina', 'pede.ultrices@google.net', 'LRO86NYC1FBU', '2023-04-12', 'Forbach', 'Client', NULL),
(31, 'Gomez', 'Odessa', 'dui@protonmail.org', 'YHH60NXU9JKA', '2025-01-25', 'Berloz', 'Client', NULL),
(32, 'Graham', 'Miriam', 'nam.tempor@google.ca', 'ECE18GXI8XRH', '2024-02-14', 'Blackwood', 'Pilote', NULL),
(33, 'Landry', 'Drew', 'sed.eu@icloud.org', 'QRD02ZEM7RNP', '2025-02-26', 'Edmundston', 'Pilote', NULL),
(34, 'Love', 'Alisa', 'nunc.interdum@outlook.org', 'QNT54LTA7NNB', '2024-04-23', 'Gillette', 'Compagnie', NULL),
(35, 'Meadows', 'Herrod', 'egestas@yahoo.net', 'DIS82LLO8CJL', '2024-12-24', 'Aurillac', 'Compagnie', NULL),
(36, 'Hale', 'Alvin', 'quam.elementum@icloud.couk', 'KCI73DVR8HFK', '2024-03-19', 'Stratford', 'Client', NULL),
(37, 'Harper', 'Marshall', 'commodo.hendrerit@google.com', 'XHO87HJD1RSC', '2024-05-12', 'Hearst', 'Client', NULL),
(38, 'Pickett', 'Forrest', 'convallis.dolor@aol.ca', 'XXJ58JBR8MDV', '2024-06-25', 'Värnamo', 'Pilote', NULL),
(39, 'Collins', 'Gisela', 'parturient.montes@protonmail.couk', 'IPJ83JAP9QCQ', '2023-11-09', 'Ancaster Town', 'Pilote', NULL),
(40, 'Kaufman', 'Stephen', 'nec.orci.donec@hotmail.net', 'IIO15BYD2LKG', '2024-06-30', 'Motala', 'Compagnie', NULL),
(41, 'Guthrie', 'Chloe', 'quis.urna@protonmail.org', 'BPG77FTC0RJX', '2023-04-14', 'Elingen', 'Compagnie', NULL),
(42, 'Haley', 'Mechelle', 'arcu.vel.quam@outlook.net', 'LRD55ZGF6JMU', '2024-08-07', 'Llanelli', 'Client', NULL),
(43, 'Mclean', 'Vivian', 'nec@aol.com', 'NJQ63KKO5YUV', '2023-05-08', 'Knoxville', 'Client', NULL),
(44, 'Mckee', 'Kennan', 'ultricies@hotmail.org', 'FPH72GPB5FJK', '2023-06-01', 'Aulnay-sous-Bois', 'Pilote', NULL),
(45, 'Mclaughlin', 'Beverly', 'odio@google.ca', 'BJL31VID8NTM', '2023-04-12', 'Butte', 'Pilote', NULL),
(46, 'Chan', 'Vielka', 'erat.in.consectetuer@google.ca', 'JSV92HOI4KVI', '2023-04-02', 'Reno', 'Compagnie', NULL),
(47, 'Bolton', 'Ciara', 'scelerisque.neque.nullam@google.couk', 'GXX10UDI6VGJ', '2023-09-13', 'Liverpool', 'Compagnie', NULL),
(48, 'Grimes', 'Nina', 'magnis.dis.parturient@yahoo.org', 'HGL64XFM3TBL', '2023-08-08', 'Soissons', 'Client', NULL),
(49, 'Bentley', 'Lamar', 'dapibus.rutrum@protonmail.org', 'LYH89WWX2KGT', '2025-03-07', 'Saint John', 'Client', NULL),
(50, 'Maldonado', 'Griffith', 'nunc.sed.libero@icloud.org', 'QPN20RXA2POC', '2024-09-24', 'Neu-Ulm', 'Pilote', NULL),
(51, 'Sargent', 'Chandler', 'ultrices.a@aol.ca', 'SDY15SCT8CMY', '2025-02-09', 'Comox', 'Pilote', NULL),
(52, 'Pugh', 'Mannix', 'nec.urna@aol.com', 'BMC87IME1PVY', '2023-05-07', 'Avesta', 'Compagnie', NULL),
(53, 'Walsh', 'Ocean', 'cras.vulputate@yahoo.com', 'VOX52MSE3FCV', '2024-12-16', 'Senftenberg', 'Compagnie', NULL),
(54, 'Salas', 'Ray', 'eget@aol.edu', 'FJI89YHO9RII', '2025-02-12', 'Milnathort', 'Client', NULL),
(55, 'Charles', 'Louis', 'per@hotmail.com', 'LVW38VWE5CUN', '2023-06-06', 'Wilhelmshaven', 'Client', NULL),
(56, 'Sanders', 'Stuart', 'ante.maecenas.mi@outlook.edu', 'EPS38OLF2CNV', '2024-07-04', 'Compiègne', 'Pilote', NULL),
(57, 'Morgan', 'Quintessa', 'nostra.per@protonmail.com', 'VXX54AHL3QXR', '2024-04-23', 'Profondeville', 'Pilote', NULL),
(58, 'Salinas', 'Ila', 'nulla.aliquet@google.edu', 'FWL26XJU4VBN', '2023-09-20', 'Glendale', 'Compagnie', NULL),
(59, 'Bailey', 'Griffin', 'lectus.cum@icloud.com', 'MUB38BFJ8KCN', '2023-04-12', 'Pfungstadt', 'Compagnie', NULL),
(60, 'Phillips', 'Brett', 'ipsum.phasellus@hotmail.com', 'IGC03YXI7ZDQ', '2023-11-15', 'Winnipeg', 'Client', NULL),
(61, 'Thomas', 'Brock', 'dolor.sit@hotmail.edu', 'GWL00HNG4JXD', '2023-12-10', 'Södertälje', 'Client', NULL),
(62, 'Spears', 'Shay', 'viverra@aol.ca', 'IYW86GQZ8JJL', '2023-07-18', 'Köthen', 'Pilote', NULL),
(63, 'Langley', 'Galvin', 'ac.mattis.velit@protonmail.ca', 'QXT72HRL3OKI', '2024-09-30', 'Kingussie', 'Pilote', NULL),
(64, 'Campos', 'Kennan', 'elementum.purus@yahoo.edu', 'LXP67VIW7FUK', '2024-11-10', 'Port Glasgow', 'Compagnie', NULL),
(65, 'Wynn', 'Lucius', 'purus.maecenas@protonmail.com', 'XYK73ROK2IOH', '2024-05-20', 'Geesthacht', 'Compagnie', NULL),
(66, 'Cochran', 'Mariam', 'lacinia.at@google.ca', 'PMO75ATX8WOC', '2024-08-10', 'Minderhout', 'Client', NULL),
(67, 'Ellison', 'Amir', 'ridiculus.mus@google.couk', 'OVJ41SVS4NFX', '2023-11-19', 'Saarbrücken', 'Client', NULL),
(68, 'Rivera', 'Daquan', 'amet.lorem@yahoo.edu', 'EEM95HLF2UQU', '2025-03-15', 'Söderhamn', 'Pilote', NULL),
(69, 'Hart', 'Jolie', 'aliquet.libero@google.com', 'XSF23XIX7PXJ', '2023-06-10', 'Chester', 'Pilote', NULL),
(70, 'Perry', 'Xyla', 'dui.nec@aol.edu', 'AXJ16BHD5HCY', '2024-06-24', 'Fredericton', 'Compagnie', NULL),
(71, 'Rosa', 'Jerome', 'nunc.ut@yahoo.ca', 'TNN54QFT5WYF', '2023-11-07', 'Bloxham', 'Compagnie', NULL),
(72, 'Long', 'Wing', 'etiam@outlook.net', 'YKH12GRP5DHV', '2023-11-05', 'Fogo', 'Client', NULL),
(73, 'Pruitt', 'Cassidy', 'justo.praesent@outlook.org', 'MJM84BGG6CQG', '2023-09-15', 'Salon-de-Provence', 'Client', NULL),
(74, 'Schneider', 'Bert', 'a.feugiat@protonmail.couk', 'RXO14JWQ6OSQ', '2024-11-27', 'Green Bay', 'Pilote', NULL),
(75, 'Merrill', 'Buckminster', 'a@icloud.org', 'VFM36ELK1UUL', '2024-03-07', 'Spiere', 'Pilote', NULL),
(76, 'Nixon', 'Ann', 'fringilla.donec@protonmail.couk', 'LSC30NMK4QIE', '2023-10-01', 'Estevan', 'Compagnie', NULL),
(77, 'French', 'Barclay', 'enim.etiam.gravida@hotmail.org', 'BVZ99ETR1XFJ', '2024-05-06', 'Nässjö', 'Compagnie', NULL),
(78, 'Hurley', 'Penelope', 'duis@outlook.ca', 'DOR89INN0LRO', '2024-08-05', 'Boston', 'Client', NULL),
(79, 'Odom', 'Jermaine', 'orci@hotmail.com', 'CEU17LWL2QTN', '2023-09-05', 'Nässjö', 'Client', NULL),
(80, 'Gonzalez', 'Colette', 'congue.turpis@aol.org', 'XMN22HXF5UXL', '2025-02-03', 'Avesta', 'Pilote', NULL),
(81, 'Reilly', 'Rhoda', 'quam.vel@aol.net', 'DOK77VZP5PDU', '2024-05-21', 'Hyères', 'Pilote', NULL),
(82, 'Hartman', 'Abdul', 'aenean@outlook.com', 'TAM58HHY8SCH', '2023-11-06', 'Northumberland', 'Compagnie', NULL),
(83, 'Rocha', 'Quin', 'porttitor.tellus@outlook.net', 'FYF82BZH0VDO', '2024-09-10', 'Velaine-sur-Sambre', 'Compagnie', NULL),
(84, 'Page', 'Giselle', 'pulvinar.arcu@hotmail.ca', 'SYL62GSS9UVE', '2023-06-08', 'Rockford', 'Client', NULL),
(85, 'Park', 'Georgia', 'tempor.lorem@yahoo.com', 'WGM31WVE8ILB', '2023-07-07', 'Broken Arrow', 'Client', NULL),
(86, 'Sullivan', 'Indira', 'et@hotmail.org', 'TVV36EIT6TXY', '2023-06-15', 'Fredericton', 'Pilote', NULL),
(87, 'Curtis', 'Honorato', 'nec.urna@yahoo.net', 'YWS16MZE9GKA', '2023-12-16', 'LiŽge', 'Pilote', NULL),
(88, 'Whitney', 'Michelle', 'ornare.lectus.ante@hotmail.org', 'HWL24MPC8QYY', '2024-10-21', 'Oordegem', 'Compagnie', NULL),
(89, 'Joyner', 'Austin', 'enim.nunc@aol.org', 'AHK09EIW4RJG', '2024-05-06', 'Forst', 'Compagnie', NULL),
(90, 'Woods', 'Sarah', 'et.libero.proin@icloud.couk', 'EDP13EGO1GCY', '2023-11-02', 'Avesta', 'Client', NULL),
(91, 'Benton', 'Emi', 'imperdiet@google.edu', 'NDB16UFL6IWB', '2023-08-04', 'Buckley', 'Client', NULL),
(92, 'Carrillo', 'Brendan', 'nunc.mauris@yahoo.net', 'RDT65GBD1HRU', '2024-11-25', 'Burin', 'Pilote', NULL),
(93, 'Vaughan', 'Keaton', 'at.nisi@yahoo.com', 'CWT77WJJ2PYX', '2025-02-22', 'Coalhurst', 'Pilote', NULL),
(94, 'Huber', 'Dillon', 'eu@yahoo.edu', 'YFG45ETG6TBV', '2023-10-27', 'Jedburgh', 'Compagnie', NULL),
(95, 'Nieves', 'Erich', 'lorem@outlook.org', 'BBG67UDR9EJX', '2024-03-16', 'Neu-Isenburg', 'Compagnie', NULL),
(96, 'Schultz', 'Penelope', 'taciti.sociosqu@google.org', 'AVC21RQE2HLE', '2024-07-17', 'New Glasgow', 'Client', NULL),
(97, 'Wade', 'Troy', 'mollis.duis@outlook.edu', 'MOL39SOJ6FIH', '2024-03-03', 'Nossegem', 'Client', NULL),
(98, 'Lawrence', 'Carson', 'sed.eu.nibh@protonmail.org', 'SQO74FNI7ICW', '2023-09-10', 'Vitry-sur-Seine', 'Pilote', NULL),
(99, 'Witt', 'Kirestin', 'ligula.aliquam.erat@hotmail.edu', 'QOS20FEE8SKK', '2024-12-15', 'Indianapolis', 'Pilote', NULL),
(100, 'Stone', 'Wyoming', 'ac@protonmail.couk', 'MVG06IJQ1QBG', '2024-03-10', 'Cannes', 'Compagnie', NULL),
(101, 'Peters', 'Keefe', 'aliquam.tincidunt@icloud.couk', 'MHB61IJB4SHR', '2023-07-26', 'Kirkby Lonsdale', 'Compagnie', NULL),
(102, 'Grimes', 'Jameson', 'nunc.commodo@yahoo.couk', 'LEC68GMA8IWR', '2024-01-04', 'Nice', 'Client', NULL),
(103, 'Donovan', 'Porter', 'non.sapien@hotmail.edu', 'GFC26XWY8RJN', '2024-04-09', 'Cap-de-la-Madeleine', 'Client', NULL),
(104, 'Rich', 'David', 'viverra.maecenas@yahoo.edu', 'QKL15JCJ7HDV', '2024-10-29', 'Charleville-Mézières', 'Pilote', NULL),
(105, 'Rutledge', 'Beau', 'at.arcu@aol.edu', 'VKG48USP7BOM', '2023-11-18', 'Berlin', 'Pilote', NULL),
(106, 'Sherman', 'Ginger', 'mauris.aliquam@icloud.com', 'HBK24YWI8QSV', '2023-12-26', 'Finspång', 'Compagnie', NULL),
(107, 'Whitfield', 'Micah', 'amet.nulla@aol.net', 'TYS92LJH0PGE', '2023-05-27', 'Märsta', 'Compagnie', NULL),
(108, 'Ratliff', 'Reece', 'amet.orci@icloud.ca', 'WTC97YVE5UNK', '2023-07-19', 'Stralsund', 'Client', NULL),
(109, 'Wilder', 'Kermit', 'eget.tincidunt.dui@outlook.org', 'HBW49BLL3GMF', '2025-02-22', 'GŽrouville', 'Client', NULL),
(110, 'Rollins', 'Moana', 'aliquam@google.couk', 'YKF44TSF9HWE', '2024-05-26', 'Ludvika', 'Pilote', NULL),
(111, 'Berry', 'Samantha', 'eu.ligula@google.net', 'XWC84YQC2YUV', '2024-11-27', 'Hamburg', 'Pilote', NULL),
(112, 'Ford', 'Chloe', 'mi.tempor.lorem@icloud.ca', 'TMF52MQF9QPC', '2024-07-21', 'Koblenz', 'Compagnie', NULL),
(113, 'Romero', 'Vernon', 'scelerisque@outlook.org', 'FFJ93BSG8WED', '2024-12-11', 'Appels', 'Compagnie', NULL),
(114, 'Norman', 'Cathleen', 'sit.amet@google.couk', 'TTN84AQX3NPY', '2024-01-13', 'Carcassonne', 'Client', NULL),
(115, 'Dotson', 'Melinda', 'dolor.fusce@outlook.com', 'EGF36TKB1TAX', '2023-07-09', 'Berlin', 'Client', NULL),
(116, 'Maxwell', 'Marshall', 'aliquet.metus@icloud.edu', 'JNO93UFA2FND', '2024-06-25', 'Täby', 'Pilote', NULL),
(117, 'Johns', 'Portia', 'nunc@hotmail.org', 'IRZ73PUN9SSE', '2023-09-13', 'San Francisco', 'Pilote', NULL),
(118, 'Morgan', 'Whitney', 'duis.dignissim@icloud.couk', 'YPD15NYW8ZYF', '2025-02-28', 'Harbour Grace', 'Compagnie', NULL),
(119, 'Mejia', 'Emerson', 'augue.eu@outlook.net', 'OFF40CJD7EAD', '2024-01-02', 'Ledbury', 'Compagnie', NULL),
(120, 'Joseph', 'Yeo', 'quisque.ac@icloud.net', 'IAL10NKT7KLV', '2023-11-10', 'Wilhelmshaven', 'Client', NULL),
(121, 'Rodriguez', 'Helen', 'nunc.nulla@protonmail.com', 'JWU44QWX2DQE', '2023-11-07', 'Linköping', 'Client', NULL),
(122, 'Chan', 'Marah', 'sem.ut.dolor@google.edu', 'CKS13VSN8FSX', '2024-12-31', 'Lieferinge', 'Pilote', NULL),
(123, 'Farrell', 'Hoyt', 'nunc.nulla@hotmail.com', 'WHK21GHF3ROD', '2023-11-30', 'Täby', 'Pilote', NULL),
(124, 'Pierce', 'Gwendolyn', 'sem.egestas@aol.com', 'FJL64PHL1HDS', '2024-04-08', 'Greenock', 'Compagnie', NULL),
(125, 'Bruce', 'Conan', 'vel.convallis.in@aol.edu', 'MPI09EPL2SYM', '2023-10-19', 'Poucet', 'Compagnie', NULL),
(126, 'Preston', 'Darius', 'dolor@hotmail.org', 'AVQ38TOE1LII', '2024-12-13', 'Watson Lake', 'Client', NULL),
(127, 'Mcguire', 'Joan', 'blandit.enim@google.org', 'YPS22WHO4NYE', '2024-02-07', 'Hudiksvall', 'Client', NULL),
(128, 'Howard', 'Seth', 'non@icloud.net', 'GMR64FFS5AXV', '2023-10-03', 'Aschaffenburg', 'Pilote', NULL),
(129, 'Sutton', 'Shay', 'enim.sed.nulla@google.couk', 'RNP80ZNN2QHY', '2025-01-09', 'Ch‰telineau', 'Pilote', NULL),
(130, 'Gibson', 'Ingrid', 'nam.ligula.elit@outlook.org', 'KDP85TYU5LUN', '2023-10-20', 'Leernes', 'Compagnie', NULL),
(131, 'Mccullough', 'Reese', 'enim.sit@hotmail.org', 'BHB26FEF0WXD', '2023-06-25', 'Hamburg', 'Compagnie', NULL),
(132, 'Gilbert', 'Willow', 'donec.nibh@google.com', 'DDO36MOA3GUB', '2025-01-30', 'Lowell', 'Client', NULL),
(133, 'Meyer', 'Eliana', 'lobortis.nisi.nibh@aol.org', 'WPN76NLX7FTN', '2023-07-09', 'Habay', 'Client', NULL),
(134, 'Wall', 'Clinton', 'eros.turpis@hotmail.couk', 'UQK19DYV7JCT', '2024-09-06', 'Zaventem', 'Pilote', NULL),
(135, 'Kim', 'Scott', 'nullam@outlook.couk', 'FDT95DEM5NMX', '2024-12-13', 'Habay-la-Vieille', 'Pilote', NULL),
(136, 'Randall', 'Germane', 'rutrum.magna@icloud.edu', 'XKB21CSQ7ZBG', '2024-02-22', 'Bromyard', 'Compagnie', NULL),
(137, 'Crane', 'Olivia', 'nisi@outlook.net', 'RQU82FIL6LIG', '2023-12-09', 'Motala', 'Compagnie', NULL),
(138, 'Meyers', 'Jelani', 'ac.facilisis@aol.net', 'OVT67NYX9IVK', '2023-12-30', 'Lidköping', 'Client', NULL),
(139, 'Delgado', 'Randall', 'proin.mi@google.edu', 'EKX98XLG6NSO', '2023-06-14', 'Frankenthal', 'Client', NULL),
(140, 'Michael', 'Tamekah', 'nunc@hotmail.edu', 'JEE62LWL1MPS', '2024-04-18', 'Alençon', 'Pilote', NULL),
(141, 'Davidson', 'Carter', 'tempor.lorem.eget@yahoo.net', 'BSH91SSF8JGI', '2024-02-25', 'Le Petit-Quevilly', 'Pilote', NULL),
(142, 'Allen', 'Kim', 'dolor.nonummy@google.org', 'BEY18FNV3JMB', '2025-02-26', 'Hattersheim am Main', 'Compagnie', NULL),
(143, 'Lopez', 'Graiden', 'orci.in.consequat@aol.net', 'TQO04NKW3IPU', '2023-08-22', 'Hamburg', 'Compagnie', NULL),
(144, 'Lindsay', 'Paula', 'a.tortor.nunc@outlook.com', 'XJN37BGG5NJG', '2024-02-09', 'Auldearn', 'Client', NULL),
(145, 'Buckley', 'Grant', 'nunc.id.enim@google.edu', 'EPD53EFI6RCR', '2023-08-28', 'Whithorn', 'Client', NULL),
(146, 'O\'connor', 'Shelly', 'ipsum.dolor.sit@aol.edu', 'URI42PSK1OVW', '2023-09-05', 'Blieskastel', 'Pilote', NULL),
(147, 'Malone', 'Ashely', 'et@protonmail.edu', 'WYB54NNO2XLI', '2024-08-23', 'Gent', 'Pilote', NULL),
(148, 'Nunez', 'Wilma', 'aenean.eget.magna@icloud.net', 'TIC24MHS6NCX', '2024-04-03', 'Bourges', 'Compagnie', NULL),
(149, 'Barrera', 'Rosalyn', 'quisque@hotmail.org', 'JKF38YTJ6QOK', '2024-02-28', 'Wuppertal', 'Compagnie', NULL),
(150, 'Maldonado', 'Melvin', 'montes.nascetur@google.com', 'FUU23JOL3VMR', '2024-09-06', 'Town of Yarmouth', 'Client', NULL),
(151, 'Melendez', 'Rae', 'ipsum.leo.elementum@google.net', 'BPR33UWQ3ILT', '2025-03-08', 'West Jordan', 'Client', NULL),
(152, 'Levine', 'Shad', 'ut.nec@yahoo.edu', 'LNS64QHG3RRL', '2023-06-01', 'Linköping', 'Pilote', NULL),
(153, 'Ellison', 'Clare', 'ornare.egestas@yahoo.ca', 'YZF96DFH5KCO', '2024-07-31', 'Incourt', 'Pilote', NULL),
(154, 'Weber', 'Buckminster', 'sed.est@outlook.com', 'FAF42CCR5JKO', '2024-02-06', 'Upplands Väsby', 'Compagnie', NULL),
(155, 'Luna', 'Lareina', 'nulla@outlook.ca', 'QBT74LBD3FYH', '2023-11-05', 'Mjölby', 'Compagnie', NULL),
(156, 'Melton', 'Nita', 'proin.eget@aol.couk', 'QQK10DGL0PFZ', '2024-05-28', 'Mérignac', 'Client', NULL),
(157, 'Snow', 'Armand', 'nunc.sed.pede@yahoo.com', 'ATD48QXH1ZOD', '2024-04-28', 'Baie-Comeau', 'Client', NULL),
(158, 'Hampton', 'Brian', 'in@hotmail.ca', 'OAG48RZC1OJJ', '2024-08-11', 'Fosses-la-Ville', 'Pilote', NULL),
(159, 'Floyd', 'Hanae', 'nunc.risus@google.ca', 'KTG33MHI2NPS', '2024-11-20', 'St. Petersburg', 'Pilote', NULL),
(160, 'Cabrera', 'Gay', 'ac@aol.net', 'UBI98PQY8PDJ', '2024-04-01', 'Cawdor', 'Compagnie', NULL),
(161, 'Pollard', 'Deanna', 'lacinia.sed@aol.edu', 'CFX00DCC2GUD', '2024-11-15', 'Oldenburg', 'Compagnie', NULL),
(162, 'Baldwin', 'Aquila', 'varius.ultrices.mauris@aol.edu', 'ADU86JXL2QZT', '2023-09-02', 'Noisy-le-Grand', 'Client', NULL),
(163, 'Zimmerman', 'Brody', 'ridiculus.mus@yahoo.edu', 'XSF33USP5GRG', '2024-08-23', 'Mora', 'Client', NULL),
(164, 'Beard', 'Tara', 'orci.adipiscing.non@yahoo.org', 'DBH17DFL2DOM', '2023-07-30', 'Berlin', 'Pilote', NULL),
(165, 'Jacobson', 'Sopoline', 'eget@protonmail.ca', 'OCM64RLI3JCA', '2023-05-26', 'Daly', 'Pilote', NULL),
(166, 'Koch', 'Troy', 'morbi.non@aol.edu', 'MJM11QQN4JIT', '2023-10-10', 'Yellowknife', 'Compagnie', NULL),
(167, 'Holloway', 'Blaze', 'sociosqu.ad@outlook.edu', 'BYD76TWV3CPP', '2024-04-03', 'Detroit', 'Compagnie', NULL),
(168, 'Munoz', 'Angelica', 'vehicula.pellentesque@aol.ca', 'WWN23RRJ5XLB', '2024-11-03', 'Onze-Lieve-Vrouw-Lombeek', 'Client', NULL),
(169, 'Gilmore', 'Kadeem', 'sociosqu@google.edu', 'VOG91XMX2JQK', '2024-10-03', 'Vallentuna', 'Client', NULL),
(170, 'George', 'Chester', 'odio.aliquam.vulputate@hotmail.couk', 'LIX51VOM1MNF', '2025-03-09', 'Mulhouse', 'Pilote', NULL),
(171, 'Head', 'Briar', 'enim@aol.ca', 'ORW64ULB3ITH', '2023-05-16', 'Goslar', 'Pilote', NULL),
(172, 'Cantu', 'Imani', 'dolor.sit@google.com', 'EED11IMP7SQX', '2023-04-17', 'Boignee', 'Compagnie', NULL),
(173, 'Callahan', 'Macon', 'donec.porttitor@icloud.edu', 'SWR47EWG2YKP', '2024-05-16', 'Falun', 'Compagnie', NULL),
(174, 'Vance', 'Anthony', 'porttitor.vulputate.posuere@yahoo.com', 'SXD77KFL4JHO', '2023-04-30', 'Rhayader', 'Client', NULL),
(175, 'Navarro', 'Kuame', 'eu.lacus.quisque@icloud.net', 'BEV83HIQ4JPD', '2023-09-17', 'Évreux', 'Client', NULL),
(176, 'Rutledge', 'Indira', 'sed.turpis@google.org', 'LHX20FLY6WAT', '2024-04-28', 'Alva', 'Pilote', NULL),
(177, 'Tran', 'Gail', 'praesent.luctus@hotmail.org', 'XHA23HKS0FLA', '2025-03-01', 'Kircudbright', 'Pilote', NULL),
(178, 'Vinson', 'Kelsie', 'nec.tellus@icloud.net', 'LND03TIX6UZN', '2024-04-24', 'Incourt', 'Compagnie', NULL),
(179, 'Robbins', 'Yardley', 'libero.donec@protonmail.couk', 'AFD05VBU1FOS', '2023-09-28', 'Hamburg', 'Compagnie', NULL),
(180, 'Sanders', 'Rhonda', 'ac.nulla@aol.net', 'VXH28LIP2OYF', '2024-09-19', 'Camrose', 'Client', NULL),
(181, 'Buchanan', 'Gwendolyn', 'tempus.lorem@google.ca', 'XQQ52GYG8OCU', '2024-08-03', 'Épinal', 'Client', NULL),
(182, 'Tate', 'Nyssa', 'risus@icloud.edu', 'MWM30AJF5DPV', '2024-11-14', 'Ludvika', 'Pilote', NULL),
(183, 'Chandler', 'Chastity', 'dui.lectus@protonmail.couk', 'CCM32KGO9CDT', '2024-06-14', 'Castres', 'Pilote', NULL),
(184, 'Mcintyre', 'Patricia', 'erat.semper@protonmail.ca', 'VUW47GBC2XUY', '2024-07-17', 'Southaven', 'Compagnie', NULL),
(185, 'Harper', 'Priscilla', 'tortor@yahoo.org', 'LKW45SWS6KKU', '2024-04-03', 'Saumur', 'Compagnie', NULL),
(186, 'Parrish', 'Margaret', 'massa.vestibulum@outlook.net', 'ZFH33HXC9KGJ', '2023-05-12', 'Felixstowe', 'Client', NULL),
(187, 'Dickson', 'Oscar', 'pharetra.quisque.ac@aol.com', 'LRC58WQH4CCF', '2024-06-11', 'Warren', 'Client', NULL),
(188, 'Hudson', 'Meghan', 'tellus.imperdiet.non@icloud.couk', 'VQG37GNQ5PMB', '2023-04-08', 'Columbus', 'Pilote', NULL),
(189, 'Bird', 'Rashad', 'magnis@protonmail.org', 'HLM85JPG4WYI', '2024-07-08', 'Fogo', 'Pilote', NULL),
(190, 'Bolton', 'Zorita', 'vestibulum.ante.ipsum@google.org', 'YCI64EFJ5KTW', '2024-09-04', 'Hagen', 'Compagnie', NULL),
(191, 'Beach', 'Bryar', 'sit.amet.consectetuer@protonmail.edu', 'GJD33GDX5RYB', '2025-03-18', 'Mora', 'Compagnie', NULL),
(192, 'Dean', 'Jason', 'elit.nulla@google.couk', 'IAB34KDE1OER', '2023-08-14', 'Vaux-sous-ChŽvremont', 'Client', NULL),
(193, 'Mcpherson', 'Stacey', 'metus.in@yahoo.couk', 'OYV64WJF6NEZ', '2024-11-30', 'Springfield', 'Client', NULL),
(194, 'Gross', 'Melanie', 'eros@outlook.couk', 'MBT07VDA0IRP', '2024-10-28', 'Huntsville', 'Pilote', NULL),
(195, 'Rogers', 'Zena', 'dui@aol.couk', 'OSL27STH5KEA', '2023-06-18', 'Tranent', 'Pilote', NULL),
(196, 'Beach', 'Kalia', 'vulputate.velit@outlook.ca', 'EXY48YPD3DUH', '2023-09-06', 'Bear', 'Compagnie', NULL),
(197, 'Gilbert', 'Hayes', 'maecenas.ornare@google.couk', 'TYJ05KVD8ESB', '2024-07-22', 'Saint-Lô', 'Compagnie', NULL),
(198, 'Hall', 'Brent', 'urna@icloud.edu', 'IJH86XCI4VBQ', '2023-05-21', 'Mjölby', 'Client', NULL),
(199, 'Burks', 'Candice', 'aliquet@aol.ca', 'GPY27XRN8EMV', '2024-10-18', 'Cambrai', 'Client', NULL),
(200, 'Chambers', 'Victor', 'mi@yahoo.net', 'HCV31HYD8OBZ', '2024-06-16', 'Sindelfingen', 'Pilote', NULL),
(201, 'Yang', 'Phelan', 'aliquam.nec.enim@protonmail.com', 'YQV53KSO8LUK', '2024-05-15', 'Phoenix', 'Pilote', NULL),
(202, 'Turner', 'Omar', 'metus.vitae@outlook.edu', 'XUA80IZN6LZX', '2023-11-20', 'Dallas', 'Compagnie', NULL),
(203, 'Carrillo', 'Adena', 'sed.consequat@protonmail.net', 'ONB72JDL7PKS', '2023-08-27', 'Poederlee', 'Compagnie', NULL),
(204, 'English', 'Illiana', 'porttitor.scelerisque@icloud.org', 'OHU27BRS6WST', '2024-09-29', 'GrivegnŽe', 'Client', NULL),
(205, 'Webb', 'Nathaniel', 'condimentum.eget.volutpat@outlook.org', 'CVY42LBT4CHN', '2024-02-27', 'Arviat', 'Client', NULL),
(206, 'Ford', 'Ahmed', 'in.cursus.et@aol.org', 'NDQ73BHM6ENX', '2023-06-04', 'Bournemouth', 'Pilote', NULL),
(207, 'Harvey', 'Zane', 'sollicitudin@yahoo.com', 'VCN46QWP7OUG', '2025-02-27', 'Schwalbach', 'Pilote', NULL),
(208, 'Orr', 'Steel', 'arcu@protonmail.net', 'TES78BJF3RNB', '2024-11-03', 'Åkersberga', 'Compagnie', NULL),
(209, 'Davis', 'Cedric', 'ridiculus@icloud.ca', 'MAI03BVW7QRE', '2025-01-04', 'Falun', 'Compagnie', NULL),
(210, 'Roy', 'Diana', 'a@hotmail.ca', 'AKG76CWV6MXL', '2023-07-10', 'Mulhouse', 'Client', NULL),
(211, 'Walsh', 'Carissa', 'ante.lectus@outlook.edu', 'HZM70UJX6SDE', '2024-04-23', 'Tullibody', 'Client', NULL),
(212, 'Harris', 'Amethyst', 'ante.blandit@protonmail.ca', 'MFE83LRG4OYJ', '2024-11-15', 'Tredegar', 'Pilote', NULL),
(213, 'Richardson', 'Imani', 'rhoncus.donec.est@outlook.couk', 'RNM74LED0EXB', '2023-05-20', 'Lidingo', 'Pilote', NULL),
(214, 'Woods', 'Alexandra', 'sed.turpis@yahoo.org', 'HBV26CEF3UXM', '2023-06-05', 'Olathe', 'Compagnie', NULL),
(215, 'Guerrero', 'Desirae', 'semper.egestas@aol.couk', 'AUF81IOG6VTG', '2023-05-17', 'Coatbridge', 'Compagnie', NULL),
(216, 'Castillo', 'Ignacia', 'consequat.purus@outlook.edu', 'ZOL56QFM0KSE', '2024-04-21', 'Mâcon', 'Client', NULL),
(217, 'Haley', 'Elijah', 'laoreet.lectus@yahoo.couk', 'IQQ05RWW4BYS', '2023-05-08', 'Aartrijke', 'Client', NULL),
(218, 'Christian', 'Ocean', 'phasellus@icloud.ca', 'POG72MPV9WGF', '2023-11-10', 'Chetwynd', 'Pilote', NULL),
(219, 'Meyer', 'Coby', 'nisi.cum@hotmail.com', 'LBR48HHG1WNE', '2023-05-25', 'Tarbes', 'Pilote', NULL),
(220, 'Tran', 'Tyrone', 'curabitur.dictum@yahoo.org', 'UKN42MWK3XSV', '2023-04-21', 'Springfield', 'Compagnie', NULL),
(221, 'Acosta', 'Brynn', 'sed.turpis@outlook.org', 'OCD17GNR8YGT', '2023-10-17', 'Cedar Rapids', 'Compagnie', NULL),
(222, 'Meadows', 'Kiara', 'amet.consectetuer@yahoo.ca', 'MSO87CLZ4NKW', '2024-01-04', 'Evere', 'Client', NULL),
(223, 'Ellis', 'Odessa', 'nisi.sem@google.net', 'VNM91CDM7BCQ', '2023-09-29', 'San Francisco', 'Client', NULL),
(224, 'Atkins', 'Mark', 'vulputate.posuere.vulputate@outlook.org', 'UAX93DJR0WWN', '2023-10-25', 'Rosenheim', 'Pilote', NULL),
(225, 'Hubbard', 'Geraldine', 'mauris.eu@protonmail.com', 'LGB62MVE0JPC', '2024-06-18', 'Bevel', 'Pilote', NULL),
(226, 'Molina', 'Brianna', 'eleifend.vitae@hotmail.com', 'ABF36REW8BZJ', '2024-05-05', 'Châtellerault', 'Compagnie', NULL),
(227, 'Robbins', 'Imelda', 'dui.in.sodales@google.org', 'YGM92EJE7JOC', '2024-05-14', 'Whitehorse', 'Compagnie', NULL),
(228, 'Davidson', 'Maggie', 'laoreet.libero@protonmail.net', 'TCR29BWA4BRZ', '2023-06-08', 'Tullibody', 'Client', NULL),
(229, 'Witt', 'Mariko', 'mauris@yahoo.net', 'IMF87DDW3NKG', '2024-05-09', 'Kenosha', 'Client', NULL),
(230, 'Juarez', 'Kylee', 'quis@hotmail.ca', 'IRS35TWW7GTO', '2024-10-14', 'Tacoma', 'Pilote', NULL),
(231, 'Small', 'Maris', 'arcu.vestibulum@icloud.org', 'SQA58SYI5XDR', '2024-09-02', 'Lebbeke', 'Pilote', NULL),
(232, 'Hull', 'Melvin', 'donec@outlook.couk', 'YGS91TDW3JJY', '2024-10-07', 'Baulers', 'Compagnie', NULL),
(233, 'Mclean', 'Haley', 'risus.quis@aol.edu', 'CSR67CVJ6QGR', '2023-07-09', 'Clydebank', 'Compagnie', NULL),
(234, 'Knox', 'Laith', 'habitant.morbi@google.ca', 'NPQ62IYM6TXV', '2024-10-04', 'Birmingham', 'Client', NULL),
(235, 'Crosby', 'Elmo', 'sem.consequat.nec@outlook.couk', 'RZV93ZHH4TYW', '2023-08-12', 'Beauwelz', 'Client', NULL),
(236, 'Cotton', 'Gwendolyn', 'enim.commodo@icloud.ca', 'VQW43ALG1WKZ', '2023-12-07', 'Biloxi', 'Pilote', NULL),
(237, 'Lyons', 'Sandra', 'maecenas@hotmail.ca', 'TMD20NMC4XVU', '2023-08-14', 'Harlech', 'Pilote', NULL),
(238, 'Dale', 'Christine', 'volutpat@hotmail.ca', 'BNE86MPG1UGD', '2023-10-30', 'Rouen', 'Compagnie', NULL),
(239, 'Powell', 'Clio', 'cras.eu@hotmail.org', 'JHR00IIP9FOG', '2024-02-24', 'Bo\'ness', 'Compagnie', NULL),
(240, 'Glenn', 'Regan', 'metus@yahoo.org', 'VCJ45VGA8EBC', '2024-04-14', 'Alnwick', 'Client', NULL),
(241, 'Lowery', 'Stuart', 'mauris.aliquam@aol.net', 'IQQ89PGE1QXC', '2024-02-13', 'Brentwood', 'Client', NULL),
(242, 'Baird', 'Sopoline', 'quisque.ac.libero@icloud.net', 'RPY41KJD4OMD', '2023-10-02', 'Stockholm', 'Pilote', NULL),
(243, 'Wood', 'Jack', 'non@outlook.org', 'YWO61QKA5PPW', '2023-04-23', 'Blois', 'Pilote', NULL),
(244, 'Vinson', 'Clarke', 'aenean.euismod.mauris@aol.ca', 'OFK31ERM6BTZ', '2025-01-06', 'Stroud', 'Compagnie', NULL),
(245, 'Frost', 'Felicia', 'integer@protonmail.ca', 'AVJ48SHD0ODS', '2023-06-08', 'Norrköping', 'Compagnie', NULL),
(246, 'Rojas', 'Joelle', 'pellentesque.tincidunt@google.com', 'FBM94OJC9SUL', '2023-11-13', 'Toledo', 'Client', NULL),
(247, 'Tyler', 'Porter', 'proin.nisl@icloud.ca', 'BVY81PVU7SRG', '2023-10-15', 'Amiens', 'Client', NULL),
(248, 'Cameron', 'Zephania', 'vulputate.risus@google.ca', 'DDD58UYV0GCY', '2023-11-22', 'Boo', 'Pilote', NULL),
(249, 'Sears', 'Sharon', 'duis.volutpat.nunc@hotmail.org', 'XKH68GHR1DDW', '2024-11-24', 'Köln', 'Pilote', NULL),
(250, 'Sexton', 'Quon', 'sed.sapien.nunc@protonmail.com', 'QNK76DIA7GIE', '2024-05-11', 'Duns', 'Compagnie', NULL),
(251, 'Conner', 'Alan', 'ut.sagittis@aol.com', 'BMV41OBY4KTG', '2023-10-06', 'Bergen', 'Compagnie', NULL),
(252, 'Barr', 'Garrett', 'vel.arcu.curabitur@hotmail.com', 'TDJ47QRB7ATJ', '2023-04-03', 'Narbonne', 'Client', NULL),
(253, 'Hernandez', 'Jena', 'mus.proin@icloud.net', 'UDU59GMI5KJF', '2024-01-05', 'Avesta', 'Client', NULL),
(254, 'Beasley', 'Gwendolyn', 'nec.luctus@aol.edu', 'DBV45KTS9HZJ', '2024-09-14', 'Grimma', 'Pilote', NULL),
(255, 'Mathews', 'Caesar', 'erat.neque@hotmail.net', 'CGH69QBE1DGY', '2025-03-05', 'Whitburn', 'Pilote', NULL),
(256, 'Brown', 'Palmer', 'sem.magna@aol.net', 'IMO10YEF1DHG', '2023-11-15', 'Montgomery', 'Compagnie', NULL),
(257, 'Snow', 'Calista', 'montes.nascetur.ridiculus@icloud.edu', 'WHR83EVN7KSI', '2024-09-07', 'Ramskapelle', 'Compagnie', NULL),
(258, 'Chavez', 'Alfonso', 'urna.convallis@outlook.net', 'DGB13SZU6JRD', '2024-07-22', 'Tilff', 'Client', NULL),
(259, 'Robertson', 'Gillian', 'nunc.sollicitudin@icloud.com', 'MQN13SFN8UJM', '2024-11-14', 'Kaneohe', 'Client', NULL),
(260, 'Cash', 'Zenaida', 'vivamus@yahoo.ca', 'IEU37FBA7SSN', '2024-11-02', 'Uppingham. Cottesmore', 'Pilote', NULL),
(261, 'Clayton', 'Frances', 'tincidunt@aol.ca', 'GEO18GFK5CDO', '2024-04-26', 'Braunschweig', 'Pilote', NULL),
(262, 'Workman', 'Alexander', 'eu.tellus@protonmail.com', 'VDI83KYN7BPH', '2023-12-04', 'Tubeke Tubize', 'Compagnie', NULL),
(263, 'David', 'Reuben', 'nam.consequat.dolor@aol.ca', 'ZZS30BSL7MHO', '2024-06-14', 'Parchim	City', 'Compagnie', NULL),
(264, 'Wood', 'Clarke', 'erat.volutpat.nulla@hotmail.org', 'BVQ95CLY8CXM', '2023-06-01', 'Mont-de-Marsan', 'Client', NULL),
(265, 'Bruce', 'Hannah', 'morbi.non@outlook.couk', 'BDR76QCX1YNN', '2023-04-02', 'Montague', 'Client', NULL),
(266, 'Riggs', 'Wanda', 'at.velit@google.ca', 'PGS37IXQ2NVO', '2024-02-23', 'Austin', 'Pilote', NULL),
(267, 'O\'brien', 'Moana', 'rutrum.fusce@outlook.couk', 'YEX98MQE4DUN', '2023-07-02', 'Zeveneken', 'Pilote', NULL),
(268, 'Trujillo', 'Dexter', 'magna@icloud.org', 'OIE29ZJC6WYY', '2024-10-27', 'Laramie', 'Compagnie', NULL),
(269, 'Francis', 'Cyrus', 'ut@icloud.com', 'ENI01QDL6FQU', '2023-09-20', 'Maidenhead', 'Compagnie', NULL),
(270, 'Wolf', 'Quamar', 'odio@icloud.com', 'CBX03OFP1LIB', '2023-10-07', 'Belfort', 'Client', NULL),
(271, 'Cervantes', 'Tyler', 'eu.tempor@google.edu', 'IBV28BVW3YUE', '2023-10-21', 'Kinross', 'Client', NULL),
(272, 'Cantu', 'Evelyn', 'nonummy.ac@yahoo.ca', 'VII53GNH2NFR', '2023-08-07', 'Rendsburg', 'Pilote', NULL),
(273, 'Fisher', 'Kaseem', 'nullam.lobortis@icloud.net', 'MFD55UAL8RIK', '2023-06-08', 'Essex', 'Pilote', NULL),
(274, 'Jacobson', 'Keiko', 'adipiscing.non@aol.edu', 'KWO55ELU4OEB', '2023-04-30', 'Linsmeau', 'Compagnie', NULL),
(275, 'Sharpe', 'Tyler', 'mi.eleifend@hotmail.org', 'CVG35CUN2HUF', '2023-09-05', 'Neubrandenburg', 'Compagnie', NULL),
(276, 'Knox', 'Fletcher', 'ut.nec@yahoo.ca', 'JLY31IYD1WBJ', '2024-07-26', 'Westkerke', 'Client', NULL),
(277, 'Gallagher', 'Uta', 'enim.sit@protonmail.com', 'VKC32LXG8WFR', '2024-09-13', 'Appels', 'Client', NULL),
(278, 'Woods', 'Ian', 'nunc.sit@aol.edu', 'WJL83WOP1QDM', '2024-03-30', 'Sotteville-lès-Rouen', 'Pilote', NULL),
(279, 'Cotton', 'Tatyana', 'lorem.vitae.odio@yahoo.ca', 'EJP61UNK3NAJ', '2023-06-01', 'Provo', 'Pilote', NULL),
(280, 'Franco', 'Finn', 'nec.metus@outlook.couk', 'VGF67XFP4BCQ', '2024-03-18', 'Inverbervie', 'Compagnie', NULL),
(281, 'Oneil', 'September', 'fermentum.arcu.vestibulum@google.ca', 'TTG17DTV1GEG', '2023-05-03', 'Épernay', 'Compagnie', NULL),
(282, 'Romero', 'Alika', 'orci.in@hotmail.com', 'UVA11JKR3MKJ', '2024-11-05', 'Minitonas', 'Client', NULL),
(283, 'Petersen', 'Jasmine', 'sed.nunc@outlook.com', 'LLF21ICU1NWI', '2023-08-03', 'Aberdeen', 'Client', NULL),
(284, 'Wolf', 'Price', 'in.ornare@aol.edu', 'HFS23NMH0HKH', '2023-06-28', 'Bonnyville Municipal District', 'Pilote', NULL),
(285, 'Vincent', 'Clare', 'fermentum.convallis@yahoo.net', 'XWR48OQG8KML', '2024-01-17', 'Neustrelitz', 'Pilote', NULL),
(286, 'Dorsey', 'Ifeoma', 'eu.lacus@yahoo.ca', 'MFQ15FNC5LOR', '2024-02-14', 'La Rochelle', 'Compagnie', NULL),
(287, 'Salazar', 'MacKenzie', 'id.libero@google.edu', 'FYM54DVR5KUF', '2023-08-30', 'Orléans', 'Compagnie', NULL),
(288, 'Norton', 'Chelsea', 'nisi.nibh@icloud.com', 'OVY64BOF4ZNS', '2025-03-12', 'Bowling Green', 'Client', NULL),
(289, 'Baird', 'Mallory', 'enim.etiam@protonmail.couk', 'IAK43CDY6JMA', '2025-01-15', 'Pontarlier', 'Client', NULL),
(290, 'Lancaster', 'Kibo', 'felis.nulla@outlook.edu', 'QSY96DPS8UVE', '2025-02-16', 'Stratford', 'Pilote', NULL),
(291, 'Hooper', 'Courtney', 'dolor.elit.pellentesque@aol.couk', 'QIQ67JJG1DDM', '2024-07-31', 'Bremerhaven', 'Pilote', NULL),
(292, 'Wade', 'Keiko', 'rhoncus@aol.couk', 'IFV27MGX6VIL', '2024-02-07', 'Pirmasens', 'Compagnie', NULL),
(293, 'Rivera', 'Odysseus', 'malesuada.malesuada@hotmail.ca', 'EPJ70APG5AEJ', '2023-06-19', 'Halle', 'Compagnie', NULL),
(294, 'Rivas', 'Kimberley', 'magna.a.tortor@aol.org', 'TKH18BUS9UYY', '2024-04-05', 'Deerlijk', 'Client', NULL),
(295, 'Kane', 'Richard', 'neque.vitae@aol.couk', 'BQV38ZQT5YCK', '2025-02-26', 'Sparwood', 'Client', NULL),
(296, 'Spencer', 'Sonia', 'imperdiet.dictum@yahoo.couk', 'DZF68TYU3JFX', '2024-12-29', 'Burlington', 'Pilote', NULL),
(297, 'Gaines', 'Raja', 'risus.nunc.ac@google.com', 'SJE70TYG2RHF', '2023-12-24', 'Flint', 'Pilote', NULL),
(298, 'Matthews', 'Cally', 'tincidunt.orci@protonmail.edu', 'PVD81WEI2KHX', '2023-05-12', 'Bexbach', 'Compagnie', NULL),
(299, 'Stevens', 'Kennan', 'ligula.tortor@aol.net', 'ZGI36VDS7RLW', '2023-05-11', 'Frederick', 'Compagnie', NULL),
(300, 'Carson', 'James', 'consequat.lectus@protonmail.com', 'NBX10VKC7VOD', '2024-10-31', 'Colmar', 'Client', NULL),
(301, 'Daniel', 'Darryl', 'lobortis.risus.in@google.com', 'LGJ79ROF7WTE', '2023-06-25', 'Heidelberg', 'Client', NULL),
(302, 'Cline', 'Bradley', 'quam@protonmail.org', 'SHW73YHM9PQM', '2024-02-13', 'Quenast', 'Pilote', NULL),
(303, 'Dorsey', 'Aladdin', 'dolor.nonummy.ac@yahoo.org', 'BAD55IOJ1DUE', '2024-05-02', 'Auburn', 'Pilote', NULL),
(304, 'Holmes', 'September', 'sit.amet@hotmail.org', 'KLU66LOJ2YYL', '2024-11-07', 'Worcester', 'Compagnie', NULL),
(305, 'Cooke', 'Karen', 'vestibulum.ante.ipsum@yahoo.ca', 'PNV64KAK4PWT', '2024-11-24', 'Södertälje', 'Compagnie', NULL),
(306, 'Sloan', 'Nola', 'quis.arcu@outlook.com', 'LLK91JWC1KAQ', '2023-08-01', 'Arviat', 'Client', NULL),
(307, 'Gilbert', 'Candace', 'enim.suspendisse@aol.edu', 'QZM11ETM7MFS', '2024-10-09', 'Châlons-en-Champagne', 'Client', NULL),
(308, 'Rodgers', 'Miranda', 'feugiat.nec@outlook.ca', 'DXJ23NEH5FYQ', '2023-03-29', 'Auburn', 'Pilote', NULL),
(309, 'Mosley', 'Eleanor', 'aliquam@outlook.edu', 'SPC10KMN9DRL', '2023-07-02', 'Upplands Väsby', 'Pilote', NULL),
(310, 'Reeves', 'Deborah', 'cursus.integer@yahoo.couk', 'WLW27FDP5DCT', '2025-01-12', 'Ockelbo', 'Compagnie', NULL),
(311, 'Parks', 'Lydia', 'sociis.natoque@outlook.ca', 'ZMS52OKI0KAH', '2024-08-07', 'Lochristi', 'Compagnie', NULL),
(312, 'Sharp', 'Irma', 'faucibus@aol.com', 'NAM38TLX2EYM', '2024-08-10', 'Sint-Joost-ten-Node', 'Client', NULL),
(313, 'Walton', 'Baxter', 'in@aol.net', 'DJF52PVB3GMD', '2025-02-28', 'Saint-Louis', 'Client', NULL),
(314, 'Golden', 'Madison', 'tincidunt.dui@yahoo.net', 'FKA32NYX5DBT', '2025-03-13', 'Hatfield', 'Pilote', NULL),
(315, 'Alvarado', 'Jasper', 'mauris@yahoo.edu', 'VMU41ACM3HYE', '2023-12-05', 'Uppingham. Cottesmore', 'Pilote', NULL),
(316, 'Schroeder', 'Sigourney', 'ante.vivamus.non@outlook.com', 'ORJ62OHT4LKK', '2024-05-23', 'Colwood', 'Compagnie', NULL),
(317, 'Campbell', 'Ivana', 'neque.tellus.imperdiet@yahoo.com', 'PHB18PDF8LZV', '2023-04-06', 'Linköping', 'Compagnie', NULL),
(318, 'Berg', 'Cailin', 'gravida.sagittis@icloud.couk', 'VBH49XMY8JDT', '2023-04-03', 'Norfolk', 'Client', NULL),
(319, 'Avila', 'Fritz', 'tempus.mauris.erat@protonmail.com', 'JRV06THU2KIP', '2023-10-29', 'Woodlands County', 'Client', NULL),
(320, 'Skinner', 'Brielle', 'nonummy.ut.molestie@yahoo.net', 'OIO13KGQ1SXL', '2023-10-07', 'Stonewall', 'Pilote', NULL),
(321, 'Mckinney', 'Julian', 'donec.consectetuer@protonmail.edu', 'MDQ61ODF8ELP', '2023-08-02', 'Springdale', 'Pilote', NULL),
(322, 'Robertson', 'Bruce', 'donec.nibh@outlook.net', 'JRE68KJJ4XOR', '2023-04-18', 'Bathurst', 'Compagnie', NULL),
(323, 'Robles', 'Noble', 'consequat.auctor.nunc@protonmail.net', 'BKP74WMN1KXR', '2024-07-05', 'Haguenau', 'Compagnie', NULL),
(324, 'Donaldson', 'Barbara', 'eget.venenatis@icloud.org', 'OSL06VTK7VIS', '2025-03-01', 'Tournefeuille', 'Client', NULL),
(325, 'Guthrie', 'Lee', 'dolor@hotmail.couk', 'VOL38VRG6PQP', '2023-12-04', 'Beaconsfield', 'Client', NULL),
(326, 'Spence', 'Rhiannon', 'non.sollicitudin.a@outlook.couk', 'FWY78WPJ8CTI', '2023-06-19', 'Turnhout', 'Pilote', NULL),
(327, 'Randolph', 'Nelle', 'tristique@google.org', 'TRC16OQB7DAH', '2025-02-22', 'Des Moines', 'Pilote', NULL),
(328, 'Buck', 'Darius', 'malesuada@protonmail.couk', 'EYH18QDF3XUR', '2024-10-01', 'Nässjö', 'Compagnie', NULL),
(329, 'Lindsay', 'Allen', 'nec.urna@hotmail.couk', 'YHU66OMT3QNG', '2024-04-11', 'Jönköping', 'Compagnie', NULL),
(330, 'Richardson', 'Noelani', 'praesent.interdum@icloud.ca', 'ZSM42QET7UPI', '2023-11-21', 'Phoenix', 'Client', NULL),
(331, 'Mejia', 'Alexandra', 'est@aol.com', 'DYO17BTI5HKC', '2024-10-22', 'Rae-Edzo', 'Client', NULL),
(332, 'Warren', 'Wade', 'vehicula@google.couk', 'GRN18NZK3ZPU', '2024-05-22', 'Glasgow', 'Pilote', NULL),
(333, 'English', 'Quinn', 'velit@protonmail.edu', 'IME44LDN3SPE', '2025-03-17', 'Montague', 'Pilote', NULL),
(334, 'Shepherd', 'Sybill', 'nascetur.ridiculus@protonmail.com', 'MNK81SQP9KFW', '2024-10-27', 'Aalst', 'Compagnie', NULL),
(335, 'Little', 'Quamar', 'urna@google.couk', 'GXM85VLP8MFU', '2024-09-16', 'Waarmaarde', 'Compagnie', NULL),
(336, 'Hubbard', 'Sara', 'cras@yahoo.couk', 'ASA74PHS3MFE', '2024-02-20', 'Greenock', 'Client', NULL),
(337, 'French', 'Susan', 'nisl@aol.ca', 'NYW15XSA6GXK', '2023-08-27', 'Karlsruhe', 'Client', NULL),
(338, 'Guy', 'Katelyn', 'sodales@hotmail.org', 'WJI49KBA5HEX', '2024-03-03', 'Cour-sur-Heure', 'Pilote', NULL),
(339, 'Lane', 'Caleb', 'nisi@google.org', 'MNQ22VGM9AHB', '2024-07-16', 'Knokke', 'Pilote', NULL),
(340, 'Rice', 'Urielle', 'quisque@yahoo.com', 'IDM25WBT6CIH', '2025-01-20', 'Lowell', 'Compagnie', NULL),
(341, 'Velez', 'Russell', 'est.mauris.eu@icloud.com', 'NQV44TVO7PGX', '2024-05-20', 'Whithorn', 'Compagnie', NULL),
(342, 'Chandler', 'Garrison', 'pellentesque.ultricies@outlook.couk', 'LHS44ONL1NXY', '2024-09-29', 'Neuruppin', 'Client', NULL),
(343, 'Mccarty', 'Jana', 'quis.accumsan@google.com', 'RRV10ASS7KCM', '2024-03-07', 'Jacksonville', 'Client', NULL),
(344, 'Ball', 'Brennan', 'eget.ipsum@google.couk', 'FLH15NAW1HLI', '2024-02-12', 'Lévis', 'Pilote', NULL),
(345, 'Kramer', 'Abdul', 'commodo.hendrerit@hotmail.org', 'XRH16BWH2JGG', '2023-11-09', 'Halle', 'Pilote', NULL),
(346, 'Tucker', 'Jonah', 'egestas@icloud.net', 'SIU86PDN1YJV', '2024-01-03', 'Clearwater Municipal District', 'Compagnie', NULL),
(347, 'Burch', 'Brooke', 'augue.porttitor.interdum@outlook.edu', 'KCV93OYD6JUA', '2024-03-19', 'Stonewall', 'Compagnie', NULL),
(348, 'Beach', 'Timothy', 'cum.sociis@hotmail.org', 'HCX63YGX8GGY', '2025-01-24', 'Cherbourg-Octeville', 'Client', NULL),
(349, 'Phelps', 'Chandler', 'nibh.vulputate@hotmail.com', 'XKM26YNG5TQS', '2024-09-20', 'Bochum', 'Client', NULL),
(350, 'Randolph', 'Daquan', 'felis.donec.tempor@outlook.org', 'PHH80BHE8FBV', '2024-02-24', 'Lerum', 'Pilote', NULL),
(351, 'Valencia', 'Drake', 'dignissim.lacus@yahoo.com', 'PXB47PFO7DBS', '2024-08-01', 'Reno', 'Pilote', NULL),
(352, 'Potts', 'Sylvester', 'aliquet.libero.integer@icloud.ca', 'VWU18VCI4VXL', '2023-05-18', 'Fernie', 'Compagnie', NULL),
(353, 'Steele', 'Brooke', 'a.aliquet@icloud.edu', 'BPL26PVU6IHN', '2024-07-08', 'Bridgnorth', 'Compagnie', NULL),
(354, 'Garrison', 'Shelly', 'lectus@hotmail.org', 'WTE93FAF8CCA', '2024-02-23', 'Fayetteville', 'Client', NULL),
(355, 'Todd', 'Shelby', 'imperdiet.dictum@protonmail.net', 'VUK19EVP8PXY', '2024-03-14', 'Temploux', 'Client', NULL),
(356, 'Lucas', 'Wylie', 'nunc.pulvinar@outlook.com', 'HRD16TNF4QAX', '2024-06-13', 'Forbach', 'Pilote', NULL),
(357, 'Garrett', 'Raymond', 'ornare.libero@aol.org', 'UDP14FVI5ERD', '2023-04-29', 'Columbus', 'Pilote', NULL),
(358, 'Alston', 'Murphy', 'sem.magna.nec@aol.couk', 'NXL58SWV4JUK', '2023-10-21', 'La Rochelle', 'Compagnie', NULL),
(359, 'Good', 'Destiny', 'mauris.ipsum@protonmail.ca', 'HSD56VFE0EXI', '2024-06-26', 'Limoges', 'Compagnie', NULL),
(360, 'Lewis', 'Serina', 'tempor.arcu@yahoo.org', 'XXQ55LMJ8GWX', '2025-03-16', 'Hamme', 'Client', NULL),
(361, 'Castro', 'Xena', 'semper.rutrum@protonmail.ca', 'QIU60CQN3ANO', '2024-07-02', 'Dieppe', 'Client', NULL),
(362, 'Nixon', 'Yetta', 'sagittis.felis@outlook.edu', 'QNB97RKC9KTR', '2025-02-16', 'Jönköping', 'Pilote', NULL),
(363, 'George', 'Harper', 'per.conubia@icloud.org', 'KPB15BNG8YNF', '2023-10-06', 'Forbach', 'Pilote', NULL),
(364, 'Lawson', 'Ayanna', 'dictum.cursus.nunc@google.net', 'KPC08OBD2PHG', '2023-07-04', 'Jönköping', 'Compagnie', NULL),
(365, 'Alvarez', 'Adele', 'cras.lorem@google.couk', 'PEY28DXM1NLM', '2024-03-02', 'Houston', 'Compagnie', NULL),
(366, 'Hendricks', 'Lee', 'integer.in@yahoo.ca', 'CQV97AUM0COO', '2023-05-06', 'New Orleans', 'Client', NULL),
(367, 'Duke', 'Merritt', 'nec.quam@aol.org', 'GIJ98CIP8WIL', '2023-08-14', 'Haverhill', 'Client', NULL),
(368, 'Ball', 'Timon', 'etiam.gravida@protonmail.ca', 'DBK58YTY2WFW', '2024-07-14', 'Ludvika', 'Pilote', NULL),
(369, 'Dawson', 'Adam', 'eleifend.nec@yahoo.ca', 'VUH63PYQ2RFH', '2024-12-28', 'Southend', 'Pilote', NULL),
(370, 'Trevino', 'Luke', 'erat.vivamus@protonmail.com', 'IQF79DNH4LOR', '2024-05-31', 'Tours', 'Compagnie', NULL),
(371, 'Sawyer', 'Emery', 'lectus@yahoo.couk', 'COC68IJE8CHN', '2023-10-21', 'Hofors', 'Compagnie', NULL),
(372, 'Everett', 'Gareth', 'mattis.ornare.lectus@icloud.net', 'FXT24ODR9XOX', '2023-12-19', 'Toronto', 'Client', NULL),
(373, 'Yang', 'Hu', 'nec@outlook.couk', 'YMW80DLD3HMA', '2024-06-14', 'Saarbrücken', 'Client', NULL),
(374, 'Cortez', 'Ursa', 'ligula@aol.net', 'ZKG31SMR2TMO', '2023-11-19', 'Leuze', 'Pilote', NULL),
(375, 'Richards', 'Phillip', 'rhoncus.nullam@aol.com', 'RGA22HVF4MNO', '2024-01-31', 'Anklam', 'Pilote', NULL),
(376, 'Rasmussen', 'Chase', 'nulla.donec@google.edu', 'ITX28GIV3ZVD', '2023-04-14', 'Saint-Denis', 'Compagnie', NULL),
(377, 'Wolfe', 'TaShya', 'eleifend.non@hotmail.ca', 'AQM76QDS1EOQ', '2023-05-10', 'Northampton', 'Compagnie', NULL),
(378, 'Bailey', 'Ruth', 'consectetuer.rhoncus.nullam@outlook.net', 'VCN18ARK7DTA', '2024-12-26', 'Clydebank', 'Client', NULL),
(379, 'Rivers', 'Upton', 'sed.dictum@aol.net', 'NFY78WHZ0NGD', '2023-05-31', 'Salzgitter', 'Client', NULL),
(380, 'Oneal', 'Plato', 'volutpat.nulla.dignissim@hotmail.ca', 'KUU57JGP0VAH', '2023-12-19', 'Neu-Ulm', 'Pilote', NULL),
(381, 'Callahan', 'Kim', 'morbi.metus@protonmail.ca', 'JBC23RNU2QHP', '2024-06-01', 'Thurso', 'Pilote', NULL),
(382, 'Mays', 'Candace', 'blandit.nam@icloud.couk', 'WCN07DQF8XFC', '2024-11-09', 'Ockelbo', 'Compagnie', NULL),
(383, 'Manning', 'Wesley', 'aliquet.odio@google.couk', 'RCC13VIW4OFS', '2023-11-08', 'Angoulême', 'Compagnie', NULL),
(384, 'Stephenson', 'Yasir', 'consequat.enim.diam@protonmail.ca', 'HUO62IXY4SQG', '2024-12-16', 'Cleveland', 'Client', NULL),
(385, 'Ratliff', 'Hasad', 'phasellus.elit@aol.ca', 'JUM68GKT5TFW', '2023-03-21', 'Chandler', 'Client', NULL),
(386, 'Deleon', 'Ayanna', 'sit.amet@hotmail.org', 'NCP25WCR4XRI', '2023-09-21', 'Haßloch', 'Pilote', NULL),
(387, 'Perry', 'Susan', 'lacus.varius.et@google.org', 'RGU34VNP2WFF', '2023-11-11', 'Finspång', 'Pilote', NULL),
(388, 'Lloyd', 'Kalia', 'sit.amet.orci@yahoo.com', 'CTK45MND2MMV', '2024-01-19', 'Harrisburg', 'Compagnie', NULL),
(389, 'Nunez', 'Amy', 'ac@aol.couk', 'ZNQ48MHO5OJH', '2023-09-12', 'Charlottetown', 'Compagnie', NULL),
(390, 'Graves', 'Ciara', 'commodo@icloud.com', 'TXC57ERC1MMP', '2023-03-24', 'Hamburg', 'Client', NULL),
(391, 'Hendrix', 'Lareina', 'aliquam@protonmail.couk', 'THA27VNL7ESY', '2025-01-03', 'Sint-Ulriks-Kapelle', 'Client', NULL),
(392, 'Lara', 'Thane', 'felis@aol.edu', 'HSV06OUC4BCN', '2024-01-09', 'Rostock', 'Pilote', NULL),
(393, 'Patrick', 'Fitzgerald', 'metus.sit.amet@icloud.ca', 'VTT17LWN2ZSC', '2023-06-28', 'Rugby', 'Pilote', NULL),
(394, 'Gentry', 'Larissa', 'sit.amet@protonmail.edu', 'XMU03NSC3WGU', '2024-01-25', 'Henstedt-Ulzburg', 'Compagnie', NULL),
(395, 'Aguilar', 'Rebecca', 'nibh.sit@protonmail.edu', 'FQU84JHO1UMJ', '2024-07-12', 'Trollhättan', 'Compagnie', NULL),
(396, 'Noel', 'Grant', 'curabitur@google.couk', 'ETG71SOU2OCA', '2023-05-31', 'Saint-Dié-des-Vosges', 'Client', NULL),
(397, 'Petty', 'Yuli', 'ullamcorper.velit.in@aol.org', 'VUW77GMS4KNQ', '2023-09-21', 'Lille', 'Client', NULL),
(398, 'Patel', 'Aline', 'ornare.egestas.ligula@aol.ca', 'RKE28CSW5RQN', '2023-06-06', 'Gullegem', 'Pilote', NULL),
(399, 'Pruitt', 'Anastasia', 'donec.egestas.duis@protonmail.net', 'QVG47QVW5DCB', '2024-10-26', 'Daknam', 'Pilote', NULL),
(400, 'Walton', 'Amal', 'egestas.aliquam@hotmail.couk', 'IIY51WYY1UYB', '2023-10-02', 'Driffield', 'Compagnie', NULL),
(401, 'Burgess', 'Guy', 'leo.in.lobortis@protonmail.net', 'ZER62AYE6LWP', '2024-02-11', 'Kerkhove', 'Compagnie', NULL),
(402, 'Velazquez', 'Jael', 'non@protonmail.edu', 'DDM44PDN2DJM', '2024-09-13', 'Berlin', 'Client', NULL),
(403, 'Ramirez', 'Harlan', 'tortor@protonmail.com', 'IBR63VSL4ETE', '2024-02-12', 'Lansing', 'Client', NULL),
(404, 'Perry', 'Amir', 'ut.pharetra@google.edu', 'DEH59HWD7WOB', '2023-06-27', 'Flensburg', 'Pilote', NULL),
(405, 'Barton', 'Mark', 'feugiat.lorem@protonmail.edu', 'XPU27OOI8UGP', '2025-02-05', 'Dijon', 'Pilote', NULL),
(406, 'Murray', 'Ina', 'viverra.donec.tempus@aol.org', 'MEU18HXT8GXX', '2024-12-27', 'Woutersbrakel', 'Compagnie', NULL),
(407, 'Fox', 'Edan', 'nascetur@outlook.net', 'MHD30IUI4DJB', '2023-05-02', 'Fosses-la-Ville', 'Compagnie', NULL),
(408, 'Mcfarland', 'Evan', 'lorem.lorem.luctus@google.ca', 'VWU17TXJ0GQV', '2024-03-24', 'Halle', 'Client', NULL),
(409, 'Boyd', 'Ori', 'cras@icloud.net', 'UUO63MKT8CMN', '2023-10-07', 'Sint-Pieters-Kapelle', 'Client', NULL),
(410, 'Deleon', 'Neil', 'massa.quisque.porttitor@yahoo.org', 'YEH09XSQ6ZDT', '2023-05-28', 'Hofors', 'Pilote', NULL),
(411, 'Clark', 'Elvis', 'convallis@yahoo.org', 'OOX74JRS3RJX', '2024-11-12', 'Rödermark', 'Pilote', NULL),
(412, 'Pollard', 'Ebony', 'ullamcorper.duis@protonmail.couk', 'MOQ05QKH1SKG', '2024-03-05', 'Macduff', 'Compagnie', NULL),
(413, 'Woods', 'Ian', 'malesuada.fringilla@hotmail.ca', 'JLM38EVF1KIS', '2023-11-21', 'Halifax', 'Compagnie', NULL),
(414, 'Wells', 'Emma', 'est.tempor@protonmail.com', 'SHM88MJS1TJL', '2024-12-02', 'Skövde', 'Client', NULL),
(415, 'Aguirre', 'Zeus', 'at@icloud.ca', 'UQY45GRS0CRM', '2023-11-08', 'Évreux', 'Client', NULL),
(416, 'Dunn', 'Hall', 'proin.sed@icloud.couk', 'RUU17KWO2RUT', '2024-01-05', 'Nässjö', 'Pilote', NULL),
(417, 'Day', 'Drew', 'ipsum.ac@protonmail.net', 'NDG48MII4KHR', '2024-07-12', 'Plauen', 'Pilote', NULL),
(418, 'Hyde', 'Germane', 'placerat.cras@yahoo.com', 'AWX29VHI2GLR', '2024-03-01', 'Annapolis County', 'Compagnie', NULL),
(419, 'Vaughan', 'Davis', 'nulla.tempor@hotmail.ca', 'FGH44HBM7KTD', '2023-09-06', 'Sint-Joost-ten-Node', 'Compagnie', NULL),
(420, 'Holden', 'Courtney', 'est@protonmail.ca', 'WHW71QYL2YTN', '2024-02-15', 'Stratford', 'Client', NULL),
(421, 'Patton', 'Lois', 'ornare.tortor.at@outlook.ca', 'NAT08NGO6XNY', '2024-03-15', 'Lac-Serent', 'Client', NULL),
(422, 'Osborne', 'Rinah', 'neque.morbi.quis@aol.couk', 'WBC12NBY3CQO', '2023-07-29', 'Dampremy', 'Pilote', NULL),
(423, 'Little', 'Cedric', 'aliquam.erat@google.edu', 'FFJ16UBX5FJC', '2024-05-14', 'New Orleans', 'Pilote', NULL),
(424, 'Shepherd', 'Jordan', 'pellentesque.tincidunt@google.couk', 'OZF32WGD6NNE', '2024-05-01', 'Wasseiges', 'Compagnie', NULL),
(425, 'Richmond', 'Wang', 'urna.convallis@icloud.edu', 'QOK93BAQ5KSV', '2024-12-05', 'Cannock', 'Compagnie', NULL),
(426, 'Lowe', 'Nita', 'pretium.neque@google.edu', 'IUM55KFJ4WCD', '2023-04-09', 'Stevenage', 'Client', NULL),
(427, 'Francis', 'Wanda', 'purus.duis@protonmail.couk', 'BGO43EEB8YET', '2023-10-07', 'Trier', 'Client', NULL),
(428, 'Wilkerson', 'Elvis', 'adipiscing.mauris.molestie@outlook.net', 'DLQ81TNE8YMG', '2023-10-26', 'Haguenau', 'Pilote', NULL),
(429, 'Carson', 'Keaton', 'interdum.ligula@icloud.net', 'LIH89HJW3LEG', '2024-10-01', 'Ludwigshafen', 'Pilote', NULL),
(430, 'Schneider', 'Jasmine', 'scelerisque.mollis.phasellus@yahoo.org', 'OPS60TGN4LRB', '2024-04-10', 'Haut-Ittre', 'Compagnie', NULL),
(431, 'Barnes', 'Griffin', 'pellentesque.habitant@outlook.edu', 'YYY19TFG5QNN', '2023-08-11', 'Auldearn', 'Compagnie', NULL),
(432, 'Rocha', 'Donovan', 'ligula.aenean@aol.org', 'BJJ05XDG8GAM', '2024-11-25', 'Broxburn', 'Client', NULL),
(433, 'Church', 'Aquila', 'volutpat.nunc@protonmail.com', 'QBT86XJV6OJP', '2023-10-16', 'Greater Sudbury', 'Client', NULL),
(434, 'Lang', 'Alisa', 'pellentesque.a@hotmail.edu', 'KJJ17MNP8KPM', '2024-02-03', 'Carbonear', 'Pilote', NULL),
(435, 'Donovan', 'Timothy', 'erat.eget.ipsum@protonmail.net', 'BEJ21OBJ1BWK', '2024-07-31', 'Buckingham', 'Pilote', NULL),
(436, 'Clarke', 'Nadine', 'ut.erat.sed@hotmail.ca', 'DWG72PNE1WKX', '2023-04-17', 'Georgia', 'Compagnie', NULL),
(437, 'Snider', 'Patricia', 'ligula@yahoo.edu', 'BVM87LYG7CJA', '2024-12-13', 'Gaithersburg', 'Compagnie', NULL),
(438, 'Franklin', 'Cheryl', 'ac@yahoo.couk', 'CJN92MJR8LNE', '2024-10-01', 'Lairg', 'Client', NULL),
(439, 'Skinner', 'Uriah', 'arcu.aliquam@aol.com', 'HMN69EPC9URR', '2023-10-05', 'Bollnäs', 'Client', NULL),
(440, 'Thornton', 'Kato', 'mauris.id@icloud.couk', 'XUK46TOK6RFU', '2024-02-09', 'Thurso', 'Pilote', NULL),
(441, 'Salas', 'Astra', 'sed.dictum@aol.edu', 'BIN62SAS4OCE', '2024-11-07', 'Linköping', 'Pilote', NULL),
(442, 'Porter', 'Athena', 'malesuada.vel@protonmail.org', 'LGM36VPP4VBG', '2024-01-26', 'Avesta', 'Compagnie', NULL),
(443, 'Huff', 'Mikayla', 'id.erat@yahoo.couk', 'JYG74EUU4OLO', '2024-03-07', 'Chesapeake', 'Compagnie', NULL),
(444, 'Tyler', 'Joelle', 'vitae.odio@yahoo.edu', 'TBH36MSN8QFR', '2024-07-26', 'Tavistock', 'Client', NULL),
(445, 'Poole', 'Mallory', 'vestibulum.ante@outlook.couk', 'VDC38CNC2CHF', '2023-04-26', 'Langenburg', 'Client', NULL),
(446, 'Le', 'Chloe', 'nulla.magna@icloud.org', 'OXW85BKT4GGO', '2024-12-07', 'Baltimore', 'Pilote', NULL),
(447, 'Holcomb', 'Simon', 'risus.donec@google.com', 'JNH94FYJ3JND', '2024-03-03', 'La Rochelle', 'Pilote', NULL),
(448, 'Solomon', 'Brady', 'ligula.aliquam@yahoo.edu', 'IDV48NCF1CQI', '2024-02-26', 'Braives', 'Compagnie', NULL),
(449, 'York', 'Marsden', 'nunc.risus@yahoo.ca', 'THW25KPG4ZWC', '2024-09-07', 'Swansea', 'Compagnie', NULL);
INSERT INTO `user` (`id_user`, `nom`, `prenom`, `mail`, `mdp`, `date`, `ville`, `fonction`, `ref_compagnie`) VALUES
(450, 'Figueroa', 'Solomon', 'aliquam@outlook.edu', 'IVV74TGX3BXQ', '2023-12-14', 'Oberhausen', 'Client', NULL),
(451, 'Rios', 'Chanda', 'ante.iaculis@protonmail.net', 'SGK63NOW5ADQ', '2024-01-18', 'Bath', 'Client', NULL),
(452, 'Hicks', 'Teegan', 'aliquet.nec@aol.edu', 'GWB69HUG8NPT', '2024-11-15', 'Mjölby', 'Pilote', NULL),
(453, 'Swanson', 'Ashton', 'velit.aliquam.nisl@outlook.com', 'GGT10VXJ9YBR', '2023-07-27', 'Kirriemuir', 'Pilote', NULL),
(454, 'Cash', 'Elmo', 'dictum.magna@outlook.edu', 'WYF51UDS4KZQ', '2023-05-16', 'Morhet', 'Compagnie', NULL),
(455, 'Petersen', 'Imelda', 'dictum.eu@icloud.edu', 'ATJ22KWI1ZUZ', '2023-08-02', 'East Linton', 'Compagnie', NULL),
(456, 'Farley', 'Doris', 'vel@google.couk', 'FHL27GUY8BDQ', '2023-07-18', 'Yorkton', 'Client', NULL),
(457, 'Guzman', 'Zelda', 'lacus.aliquam@icloud.couk', 'GEB33FOM2FVX', '2023-11-18', 'Kailua', 'Client', NULL),
(458, 'Bradley', 'Hayes', 'proin.sed.turpis@hotmail.edu', 'VUL57ELB3WPQ', '2023-03-29', 'Linlithgow', 'Pilote', NULL),
(459, 'Knox', 'Daquan', 'nam@aol.net', 'PCG35PWL1MSQ', '2024-04-03', 'Omaha', 'Pilote', NULL),
(460, 'Wiggins', 'Shaeleigh', 'dolor.vitae.dolor@yahoo.org', 'NZO21VMC5KIG', '2024-05-08', 'Aalbeke', 'Compagnie', NULL),
(461, 'Warner', 'Keiko', 'donec.egestas@yahoo.ca', 'RBL66LNC6FQS', '2024-12-28', 'Saint-Louis', 'Compagnie', NULL),
(462, 'Anthony', 'Oliver', 'proin@aol.edu', 'IKJ24RMC7RSM', '2024-08-07', 'Langenhagen', 'Client', NULL),
(463, 'Avila', 'Kelly', 'lectus@aol.com', 'FSH74ZYR5IDO', '2023-05-11', 'Charleville-Mézières', 'Client', NULL),
(464, 'Gordon', 'Nolan', 'iaculis.odio.nam@hotmail.net', 'YNJ85CDJ2UJG', '2024-08-29', 'Irvine', 'Pilote', NULL),
(465, 'Harrell', 'Anthony', 'aliquam.ultrices.iaculis@icloud.edu', 'PEZ98XNP7GMC', '2023-03-23', 'Söderhamn', 'Pilote', NULL),
(466, 'Green', 'Alvin', 'elit.pellentesque@hotmail.net', 'GHW51GQT3XPL', '2023-04-11', 'Davenport', 'Compagnie', NULL),
(467, 'Mclaughlin', 'Aladdin', 'laoreet.ipsum@icloud.org', 'IBO73QPW5QSD', '2024-01-05', 'Stirling', 'Compagnie', NULL),
(468, 'Wong', 'Sebastian', 'pede.cum@google.ca', 'MRW86QOF4IJW', '2023-08-06', 'Sint-Kruis', 'Client', NULL),
(469, 'Salas', 'Amaya', 'consectetuer.adipiscing.elit@protonmail.org', 'FRN27PZH8DHW', '2023-09-02', 'Reims', 'Client', NULL),
(470, 'Huber', 'Willa', 'porttitor@icloud.edu', 'XIE18PFF8CDC', '2023-06-26', 'Görlitz', 'Pilote', NULL),
(471, 'Contreras', 'Bevis', 'interdum.nunc@hotmail.edu', 'JWJ81ULQ5BOS', '2023-11-14', 'Coleville Lake', 'Pilote', NULL),
(472, 'Richardson', 'Ginger', 'vulputate.posuere@aol.edu', 'UXV81IJQ7EBY', '2025-01-02', 'Jauchelette', 'Compagnie', NULL),
(473, 'Peterson', 'Bryar', 'adipiscing.mauris@yahoo.net', 'CVF36KFR1YOO', '2024-09-06', 'Kuurne', 'Compagnie', NULL),
(474, 'Castillo', 'Shoshana', 'magnis.dis.parturient@outlook.com', 'PIG33VHO4ITJ', '2023-12-12', 'Borlänge', 'Client', NULL),
(475, 'Newton', 'Clementine', 'at.nisi@outlook.com', 'JPD16TIL1VWR', '2024-09-18', 'Llangefni', 'Client', NULL),
(476, 'Ashley', 'Sydney', 'pede.nonummy@hotmail.edu', 'KSD78WKV2VKY', '2023-08-27', 'Vetlanda', 'Pilote', NULL),
(477, 'Padilla', 'Brian', 'bibendum.donec.felis@google.edu', 'XHI71KLE3AJP', '2023-05-04', 'Richmond', 'Pilote', NULL),
(478, 'Chavez', 'Hoyt', 'sed.sem@outlook.org', 'EBR50VLN7BCY', '2024-03-24', 'Charleville-Mézières', 'Compagnie', NULL),
(479, 'Peterson', 'Brielle', 'sodales.nisi@protonmail.edu', 'AXS80BOU1ILP', '2024-08-03', 'Dijon', 'Compagnie', NULL),
(480, 'Stevenson', 'Margaret', 'hendrerit.consectetuer.cursus@google.couk', 'SHQ22MDZ6VFB', '2025-02-23', 'Charlottetown', 'Client', NULL),
(481, 'Woods', 'Brenden', 'et.netus@aol.edu', 'YPI65RFA8PSJ', '2023-10-06', 'Saint-Malo', 'Client', NULL),
(482, 'Cotton', 'Basia', 'sociis.natoque.penatibus@outlook.ca', 'IKP25HYF1PYR', '2024-11-03', 'Lunel', 'Pilote', NULL),
(483, 'Levine', 'Regina', 'vitae.posuere@yahoo.ca', 'QRJ31YJK3UOI', '2023-07-20', 'Mülheim', 'Pilote', NULL),
(484, 'Cherry', 'Isabella', 'lectus.cum@yahoo.ca', 'OEW23UBT5IUV', '2023-09-29', 'Hantes-WihŽries', 'Compagnie', NULL),
(485, 'Riley', 'Pearl', 'nulla@hotmail.edu', 'PDW23MXP5KNH', '2023-07-18', 'Hoyerswerda', 'Compagnie', NULL),
(486, 'Bass', 'Jelani', 'vel.turpis@hotmail.org', 'UZB45UQD4YXY', '2024-06-30', 'Grand Island', 'Client', NULL),
(487, 'Bentley', 'Amal', 'tempor.augue.ac@google.edu', 'QWE97OJY1PZP', '2024-07-24', 'Pamel', 'Client', NULL),
(488, 'Suarez', 'Josephine', 'dignissim.lacus@hotmail.com', 'SIR75IKR5MQE', '2024-07-13', 'Witney', 'Pilote', NULL),
(489, 'Mcclure', 'Chadwick', 'malesuada.fames@icloud.ca', 'IOM88PXB4VIU', '2023-07-09', 'La Rochelle', 'Pilote', NULL),
(490, 'Knight', 'Neil', 'eros.nam@aol.net', 'YIH45PCE8HED', '2023-04-09', 'Nässjö', 'Compagnie', NULL),
(491, 'Juarez', 'Anthony', 'magna.ut.tincidunt@protonmail.com', 'JQM28PWU1ATG', '2023-10-02', 'Fairbanks', 'Compagnie', NULL),
(492, 'Wall', 'Steel', 'lobortis.mauris@aol.couk', 'CCO67NEL2YGG', '2023-10-02', 'Witney', 'Client', NULL),
(493, 'O\'connor', 'Barry', 'pede.nunc.sed@hotmail.net', 'ATO82NNF8IQW', '2024-08-29', 'North Battleford', 'Client', NULL),
(494, 'Rhodes', 'Burke', 'ac.metus@icloud.edu', 'BEZ72CTB5WGU', '2023-11-15', 'Knighton', 'Pilote', NULL),
(495, 'Thornton', 'Leilani', 'mauris@yahoo.com', 'SRT24GTE6KRL', '2023-09-11', 'Pittsburgh', 'Pilote', NULL),
(496, 'Savage', 'Iola', 'feugiat.tellus.lorem@yahoo.com', 'INS78SDN7FJN', '2024-03-16', 'Sète', 'Compagnie', NULL),
(497, 'Mccormick', 'Lunea', 'maecenas@icloud.com', 'VYL63ACU7NHN', '2024-11-06', 'Winnipeg', 'Compagnie', NULL),
(498, 'Higgins', 'Tyler', 'hymenaeos.mauris.ut@icloud.com', 'EGX14SFA6FIL', '2024-05-01', 'Limoges', 'Client', NULL),
(499, 'Kemp', 'Abigail', 'sed.molestie@aol.com', 'PWH33UNP4UUL', '2024-03-29', 'Hekelgem', 'Client', NULL),
(500, 'Key', 'Sybil', 'tortor@hotmail.org', 'MUG17KCC2WUT', '2023-07-09', 'Springfield', 'Pilote', NULL),
(501, 'Pratt', 'Hasad', 'orci.ut.sagittis@google.couk', 'PHF87JFX7QEG', '2024-05-23', 'Hinckley', 'Pilote', NULL),
(502, 'Rocha', 'Christen', 'rhoncus@hotmail.ca', 'IQF34STJ8HRD', '2023-10-26', 'Loppem', 'Compagnie', NULL),
(503, 'George', 'Anika', 'sem@yahoo.ca', 'MKP30NPL6IUR', '2023-07-29', 'Rueil-Malmaison', 'Compagnie', NULL),
(504, 'Chan', 'Ryder', 'metus.eu@icloud.edu', 'IGB01FYY6JCR', '2023-04-04', 'Bochum', 'Client', NULL),
(505, 'Sosa', 'Dale', 'porttitor@outlook.com', 'PQH48TVQ5IUU', '2023-04-02', 'Cumbernauld', 'Client', NULL);

-- --------------------------------------------------------

--
-- Structure de la table `userconge`
--

DROP TABLE IF EXISTS `userconge`;
CREATE TABLE IF NOT EXISTS `userconge` (
  `ref_user` int NOT NULL,
  `ref_conge` int NOT NULL,
  PRIMARY KEY (`ref_user`,`ref_conge`),
  KEY `fk_userconge_conge` (`ref_conge`)
) ENGINE=InnoDB DEFAULT CHARSET=utf8mb4 COLLATE=utf8mb4_0900_ai_ci;

-- --------------------------------------------------------

--
-- Structure de la table `uservol`
--

DROP TABLE IF EXISTS `uservol`;
CREATE TABLE IF NOT EXISTS `uservol` (
  `ref_user` int NOT NULL,
  `ref_vol` int NOT NULL,
  `nbr_billet` int NOT NULL,
  PRIMARY KEY (`ref_user`,`ref_vol`),
  KEY `fk_uservol_vol` (`ref_vol`)
) ENGINE=InnoDB DEFAULT CHARSET=utf8mb4 COLLATE=utf8mb4_0900_ai_ci;

-- --------------------------------------------------------

--
-- Structure de la table `ville`
--

DROP TABLE IF EXISTS `ville`;
CREATE TABLE IF NOT EXISTS `ville` (
  `id_ville` int NOT NULL AUTO_INCREMENT,
  `nom` varchar(100) NOT NULL,
  `ref_pays` int NOT NULL,
  PRIMARY KEY (`id_ville`),
  KEY `fk_ville_pays` (`ref_pays`)
) ENGINE=InnoDB AUTO_INCREMENT=251 DEFAULT CHARSET=utf8mb4 COLLATE=utf8mb4_0900_ai_ci;

--
-- Déchargement des données de la table `ville`
--

INSERT INTO `ville` (`id_ville`, `nom`, `ref_pays`) VALUES
(1, 'Pietermaritzburg', 12),
(2, 'Kohima', 1),
(3, 'Waidhofen an der Ybbs', 22),
(4, 'Vinnytsia', 67),
(5, 'Mottola', 11),
(6, 'Dresden', 65),
(7, 'Cebu City', 76),
(8, 'Tongyeong', 37),
(9, 'Kyiv', 86),
(10, 'Mandai', 57),
(11, 'Dublin', 52),
(12, 'Samarinda', 80),
(13, 'Pinetown', 19),
(14, 'Przemyśl', 69),
(15, 'Galway', 26),
(16, 'Alkmaar', 35),
(17, 'Landau', 53),
(18, 'Whitehorse', 22),
(19, 'Arica', 50),
(20, 'Lipetsk', 52),
(21, 'Carovilli', 4),
(22, 'Beijing', 62),
(23, 'Grimma', 54),
(24, 'Andernach', 68),
(25, 'Paz de Ariporo', 47),
(26, 'Gore', 45),
(27, 'Kharabali', 7),
(28, 'Ashburton', 69),
(29, 'Celaya', 3),
(30, 'Sneek', 68),
(31, 'Gboko', 70),
(32, 'Neelum Valley', 9),
(33, 'Chiclayo', 15),
(34, 'Warszawa', 54),
(35, 'Cheyenne', 6),
(36, 'Talara', 50),
(37, 'Banda Aceh', 14),
(38, 'Chapadinha', 45),
(39, 'Perquenco', 69),
(40, 'Kaliningrad', 79),
(41, 'Bandar Lampung', 83),
(42, 'Lestizza', 67),
(43, 'Yaroslavl', 40),
(44, 'Ålesund', 17),
(45, 'Pacoa', 37),
(46, 'Te Awamutu', 9),
(47, 'Deutschkreutz', 56),
(48, 'Minderhout', 21),
(49, 'Aizwal', 65),
(50, 'Jhang', 84),
(51, 'Nazilli', 12),
(52, 'Ulundi', 40),
(53, 'Saint-Dizier', 24),
(54, 'Serang', 78),
(55, 'Sulzano', 63),
(56, 'Barranca', 36),
(57, 'Yishun', 59),
(58, 'Carmen de Bolivar', 75),
(59, 'Rochester', 43),
(60, 'Pacoa', 86),
(61, 'Finspång', 19),
(62, 'Tumba', 50),
(63, 'Ensenada', 15),
(64, 'Rotorua', 16),
(65, 'San Pablo', 30),
(66, 'Port Nolloth', 17),
(67, 'Jilin', 55),
(68, 'Tarbes', 61),
(69, 'Port Lincoln', 53),
(70, 'Cajamarca', 20),
(71, 'Lota', 12),
(72, 'Ripacandida', 36),
(73, 'Ciudad Madero', 59),
(74, 'Wonju', 75),
(75, 'Berdiansk', 16),
(76, 'Leipzig', 49),
(77, 'Surigao City', 31),
(78, 'Tønsberg', 43),
(79, 'Panjim', 74),
(80, 'Haridwar', 37),
(81, 'Exeter', 88),
(82, 'Bonavista', 5),
(83, 'Ospedaletto Lodigiano', 73),
(84, 'Pontarlier', 55),
(85, 'Mielec', 46),
(86, 'Brodick', 59),
(87, 'Kufstein', 78),
(88, 'Gijón', 22),
(89, 'Serang', 77),
(90, 'Mexico City', 73),
(91, 'Badalona', 39),
(92, 'Iguala', 85),
(93, 'Mersin', 88),
(94, 'Hồ Chí Minh City', 62),
(95, 'Palembang', 58),
(96, 'Guaitecas', 43),
(97, 'Albi', 79),
(98, 'Tuas', 11),
(99, 'Bodø', 53),
(100, 'Torres del Paine', 14),
(101, 'Bollnäs', 14),
(102, 'Ninh Giang', 34),
(103, 'Hyères', 72),
(104, 'Cumaribo', 76),
(105, 'Florø', 14),
(106, 'Essex', 20),
(107, 'Krefeld', 48),
(108, 'Quesada', 4),
(109, 'Kotli', 35),
(110, 'Laramie', 39),
(111, 'Jiutepec', 33),
(112, 'Piracicaba', 66),
(113, 'Bad Oldesloe', 79),
(114, 'Alacant', 63),
(115, 'Liaoning', 16),
(116, 'Vichte', 29),
(117, 'Şereflikoçhisar', 16),
(118, 'Tehuacán', 18),
(119, 'Seogwipo', 63),
(120, 'Puerto Princesa', 22),
(121, 'Saravena', 19),
(122, 'Silvan', 33),
(123, 'San Felice a Cancello', 90),
(124, 'Seosan', 51),
(125, 'Minneapolis', 68),
(126, 'Ananindeua', 5),
(127, 'Boulogne-sur-Mer', 84),
(128, 'Seattle', 43),
(129, 'Berlin', 83),
(130, 'Itanagar', 1),
(131, 'Palencia', 32),
(132, 'Navojoa', 8),
(133, 'Bislig', 44),
(134, 'Petrolina', 40),
(135, 'Porsgrunn', 53),
(136, 'Calle Larga', 12),
(137, 'Dublin', 74),
(138, 'Sìn Hồ', 78),
(139, 'Kurgan', 36),
(140, 'Kremenchuk', 6),
(141, 'Lerwick', 50),
(142, 'Kavaratti', 76),
(143, 'Sechura', 70),
(144, 'Mersin', 67),
(145, 'Vienna', 59),
(146, 'Erembodegem', 79),
(147, 'Melton', 27),
(148, 'Sincelejo', 83),
(149, 'Waitara', 80),
(150, 'Wambeek', 10),
(151, 'Xinjiang', 87),
(152, 'Tarsus', 49),
(153, 'Edmundston', 33),
(154, 'Volgograd', 73),
(155, 'Lugo', 46),
(156, 'Rangiora', 43),
(157, 'Choa Chu Kang', 60),
(158, 'Matiari', 38),
(159, 'Temuco', 69),
(160, 'Brandon', 59),
(161, 'Cumbernauld', 30),
(162, 'Mildura', 89),
(163, 'River Valley', 25),
(164, 'Minna', 3),
(165, 'Lapu-Lapu City', 55),
(166, 'Kitsman', 67),
(167, 'Cumaribo', 6),
(168, 'Iquique', 66),
(169, 'Bannu', 9),
(170, 'Arica', 31),
(171, 'Lào Cai', 87),
(172, 'Hofors', 73),
(173, 'Okigwe', 64),
(174, 'Istanbul', 45),
(175, 'Stourbridge', 9),
(176, 'Beijing', 73),
(177, 'Cork', 17),
(178, 'Villahermosa', 87),
(179, 'Wambeek', 55),
(180, 'Białystok', 86),
(181, 'Florianópolis', 65),
(182, 'Ansfelden', 89),
(183, 'Pabianice', 32),
(184, 'Shostka', 75),
(185, 'Voronezh', 36),
(186, 'Sakhalin', 44),
(187, 'Museum', 26),
(188, 'Igboho', 14),
(189, 'Kohima', 66),
(190, 'Camiña', 22),
(191, 'Tregaron', 28),
(192, 'Tula', 89),
(193, 'Aurora', 18),
(194, 'Iquitos', 24),
(195, 'Denny', 54),
(196, 'Nashville', 77),
(197, 'Trondheim', 39),
(198, 'Pleiku', 87),
(199, 'Redcliffe', 14),
(200, 'Coupar Angus', 66),
(201, 'Palma de Mallorca', 74),
(202, 'San Pablo', 26),
(203, 'Tejar', 84),
(204, 'Florencia', 64),
(205, 'Querétaro', 43),
(206, 'Chungju', 5),
(207, 'Cork', 62),
(208, 'Tokoroa', 31),
(209, 'Bathurst', 66),
(210, 'Porvenir', 5),
(211, 'Maranguape', 55),
(212, 'Semarang', 49),
(213, 'Kroonstad', 80),
(214, 'Blois', 33),
(215, 'Berlin', 7),
(216, 'Kawerau', 44),
(217, 'Dutse', 22),
(218, 'Jamshoro', 60),
(219, 'Ipís', 3),
(220, 'Cáceres', 35),
(221, 'Palangka Raya', 71),
(222, 'Guadalupe', 56),
(223, 'Stratford-upon-Avon', 62),
(224, 'Zirl', 25),
(225, 'Franeker', 32),
(226, 'Mercedes', 30),
(227, 'Linköping', 44),
(228, 'Charlottetown', 79),
(229, 'Norrköping', 70),
(230, 'Yongin', 24),
(231, 'Wolfurt', 54),
(232, 'Diamer', 66),
(233, 'MalŽves-Sainte-Marie-Wastines', 88),
(234, 'Nives', 54),
(235, 'Kremenchuk', 30),
(236, 'Jakarta', 24),
(237, 'Palembang', 24),
(238, 'Deutschkreutz', 56),
(239, 'Darwin', 86),
(240, 'Tver', 22),
(241, 'Okigwe', 89),
(242, 'Avesta', 79),
(243, 'Larvik', 42),
(244, 'Edremit', 4),
(245, 'Kisi', 26),
(246, 'Vĩnh Yên', 12),
(247, 'Shreveport', 54),
(248, 'Passi', 76),
(249, 'Santa Cruz de Tenerife', 80),
(250, 'Silverton', 82);

-- --------------------------------------------------------

--
-- Structure de la table `vol`
--

DROP TABLE IF EXISTS `vol`;
CREATE TABLE IF NOT EXISTS `vol` (
  `id_vol` int NOT NULL AUTO_INCREMENT,
  `date` date NOT NULL,
  `heure_emb` time NOT NULL,
  `heure_dep` time NOT NULL,
  `heure_arr` time NOT NULL,
  `prix` float NOT NULL,
  `classe` varchar(100) NOT NULL,
  `ref_compagnie` int NOT NULL,
  `ref_destination` int NOT NULL,
  `ref_avion` int NOT NULL,
  `ref_pilote` int NOT NULL,
  PRIMARY KEY (`id_vol`),
  KEY `fk_vol_companie` (`ref_compagnie`),
  KEY `fk_vol_avion` (`ref_avion`),
  KEY `fk_vol_destination` (`ref_destination`),
  KEY `fk_vol_user` (`ref_pilote`)
) ENGINE=InnoDB AUTO_INCREMENT=251 DEFAULT CHARSET=utf8mb4 COLLATE=utf8mb4_0900_ai_ci;

--
-- Déchargement des données de la table `vol`
--

INSERT INTO `vol` (`id_vol`, `date`, `heure_emb`, `heure_dep`, `heure_arr`, `prix`, `classe`, `ref_compagnie`, `ref_destination`, `ref_avion`, `ref_pilote`) VALUES
(1, '2024-04-15', '22:14:44', '20:03:15', '16:41:00', 445, 'Première', 9, 9, 37, 404),
(2, '2024-08-19', '01:20:23', '11:53:02', '17:14:01', 311, 'Première', 8, 86, 37, 382),
(3, '2024-10-19', '23:00:40', '10:55:35', '12:23:00', 124, 'Economique', 8, 60, 32, 414),
(4, '2023-06-22', '02:23:29', '09:06:36', '22:06:35', 377, 'Economique', 13, 36, 25, 185),
(5, '2023-07-13', '15:15:52', '16:25:50', '13:27:15', 543, 'Affaire', 13, 93, 8, 16),
(6, '2025-02-16', '17:05:21', '03:35:33', '08:51:24', 654, 'Affaire', 4, 76, 27, 370),
(7, '2023-09-01', '09:07:28', '17:38:45', '02:27:48', 136, 'Première', 13, 63, 12, 419),
(8, '2023-05-08', '21:48:58', '10:10:51', '06:48:20', 603, 'Première', 12, 83, 24, 360),
(9, '2024-08-05', '10:59:43', '17:20:21', '04:44:18', 392, 'Economique', 12, 77, 8, 10),
(10, '2024-11-24', '18:03:59', '19:02:14', '19:18:43', 499, 'Economique', 3, 12, 31, 466),
(11, '2023-09-01', '19:44:46', '11:44:19', '16:23:38', 748, 'Affaire', 12, 12, 41, 446),
(12, '2024-04-15', '17:20:07', '21:13:31', '01:14:17', 390, 'Affaire', 3, 61, 13, 418),
(13, '2023-10-29', '09:11:56', '05:48:11', '14:16:17', 743, 'Première', 4, 76, 13, 88),
(14, '2024-08-09', '04:58:40', '17:45:03', '09:43:50', 648, 'Première', 14, 86, 13, 407),
(15, '2024-09-27', '15:21:09', '11:29:38', '06:08:44', 120, 'Economique', 4, 48, 15, 432),
(16, '2023-05-20', '10:25:55', '08:38:34', '17:49:38', 706, 'Economique', 13, 48, 29, 401),
(17, '2025-01-19', '23:26:17', '15:15:46', '08:33:38', 390, 'Affaire', 3, 75, 29, 333),
(18, '2024-11-15', '11:09:37', '05:04:12', '10:01:02', 332, 'Affaire', 6, 41, 41, 350),
(19, '2023-08-25', '00:05:30', '14:11:10', '12:50:29', 190, 'Première', 1, 43, 42, 263),
(20, '2025-02-04', '13:57:48', '08:01:26', '18:08:09', 602, 'Première', 4, 97, 36, 399),
(21, '2024-01-12', '04:41:35', '15:11:12', '10:04:08', 352, 'Economique', 3, 40, 14, 112),
(22, '2024-05-04', '22:40:10', '01:03:08', '20:57:07', 148, 'Economique', 6, 64, 34, 360),
(23, '2023-09-02', '21:37:24', '04:03:55', '16:18:24', 452, 'Affaire', 8, 27, 5, 426),
(24, '2024-01-12', '23:29:02', '15:38:14', '23:21:51', 134, 'Affaire', 9, 99, 40, 459),
(25, '2024-01-18', '09:30:16', '19:17:41', '00:53:58', 135, 'Première', 5, 78, 15, 159),
(26, '2025-01-14', '23:57:29', '17:04:36', '01:23:20', 484, 'Première', 7, 12, 8, 105),
(27, '2024-11-02', '20:10:45', '16:33:57', '06:47:55', 279, 'Economique', 14, 96, 15, 181),
(28, '2024-03-08', '07:35:40', '14:23:01', '08:00:36', 518, 'Economique', 8, 32, 9, 435),
(29, '2024-02-25', '23:01:01', '11:04:26', '08:45:17', 704, 'Affaire', 9, 24, 33, 23),
(30, '2024-11-03', '16:59:36', '16:57:35', '16:45:39', 647, 'Affaire', 12, 24, 7, 493),
(31, '2023-11-20', '23:12:07', '15:33:22', '19:57:28', 414, 'Première', 13, 43, 44, 24),
(32, '2023-08-01', '13:54:12', '13:40:56', '10:24:17', 685, 'Première', 4, 11, 15, 68),
(33, '2023-08-27', '02:27:19', '00:34:49', '19:47:59', 161, 'Economique', 14, 64, 6, 185),
(34, '2025-01-15', '08:17:25', '00:55:37', '10:49:03', 396, 'Economique', 12, 79, 5, 141),
(35, '2025-02-17', '15:53:59', '04:45:34', '09:24:25', 456, 'Affaire', 4, 45, 12, 309),
(36, '2023-10-15', '09:07:05', '22:37:06', '16:33:23', 425, 'Affaire', 5, 17, 31, 121),
(37, '2023-12-06', '13:46:22', '14:58:33', '13:04:51', 330, 'Première', 11, 52, 6, 293),
(38, '2024-01-19', '12:51:05', '04:52:49', '12:02:14', 768, 'Première', 6, 38, 20, 484),
(39, '2024-12-31', '23:03:44', '20:25:23', '21:42:34', 661, 'Economique', 12, 17, 20, 293),
(40, '2025-01-13', '08:57:08', '07:40:40', '19:06:11', 442, 'Economique', 13, 2, 50, 114),
(41, '2024-11-06', '22:55:15', '12:50:18', '11:23:32', 730, 'Affaire', 2, 45, 3, 44),
(42, '2024-10-04', '14:39:01', '08:27:06', '20:21:15', 244, 'Affaire', 3, 93, 48, 393),
(43, '2024-03-10', '05:11:47', '16:56:56', '13:15:14', 670, 'Première', 7, 28, 39, 428),
(44, '2023-10-09', '09:54:47', '07:36:29', '20:05:53', 599, 'Première', 14, 53, 4, 344),
(45, '2023-09-17', '14:39:15', '04:02:32', '02:52:00', 209, 'Economique', 1, 82, 10, 175),
(46, '2024-07-07', '04:33:02', '08:52:56', '15:40:50', 703, 'Economique', 7, 63, 42, 168),
(47, '2025-01-24', '13:02:42', '03:55:20', '03:18:04', 208, 'Affaire', 5, 54, 42, 450),
(48, '2024-11-01', '20:43:34', '18:25:16', '16:23:58', 430, 'Affaire', 8, 78, 41, 241),
(49, '2023-07-21', '01:15:37', '08:36:37', '14:21:34', 243, 'Première', 3, 87, 35, 336),
(50, '2024-06-02', '01:17:22', '13:40:25', '16:30:30', 282, 'Première', 9, 92, 17, 21),
(51, '2024-12-10', '02:16:31', '04:03:13', '08:01:39', 390, 'Economique', 2, 58, 6, 483),
(52, '2023-09-13', '09:41:27', '07:46:18', '10:22:12', 406, 'Economique', 9, 83, 15, 146),
(53, '2025-03-15', '06:32:45', '12:21:18', '22:26:57', 658, 'Affaire', 10, 73, 7, 69),
(54, '2024-02-08', '08:49:13', '16:09:25', '18:51:54', 118, 'Affaire', 11, 93, 25, 481),
(55, '2024-11-04', '10:15:57', '12:06:11', '15:43:58', 182, 'Première', 11, 34, 18, 492),
(56, '2023-12-26', '22:07:35', '19:55:41', '12:33:43', 228, 'Première', 5, 65, 47, 246),
(57, '2024-09-01', '02:59:41', '00:18:52', '00:16:00', 158, 'Economique', 9, 86, 21, 63),
(58, '2024-02-27', '11:50:56', '13:14:04', '12:21:02', 538, 'Economique', 8, 25, 11, 174),
(59, '2023-07-05', '21:50:36', '19:09:08', '01:07:09', 586, 'Affaire', 4, 94, 30, 131),
(60, '2023-05-06', '09:08:06', '03:19:03', '20:25:35', 182, 'Affaire', 6, 42, 7, 353),
(61, '2023-11-05', '05:49:37', '04:51:20', '20:02:58', 370, 'Première', 8, 20, 34, 473),
(62, '2024-09-15', '06:05:56', '05:04:46', '11:13:15', 675, 'Première', 11, 15, 18, 11),
(63, '2023-12-02', '22:21:43', '17:27:57', '00:58:20', 103, 'Economique', 12, 3, 26, 336),
(64, '2023-07-06', '07:41:41', '01:39:00', '11:10:01', 389, 'Economique', 1, 52, 15, 353),
(65, '2023-09-05', '12:14:18', '04:36:32', '14:57:24', 775, 'Affaire', 3, 69, 12, 327),
(66, '2023-04-01', '05:12:02', '05:50:34', '22:17:52', 740, 'Affaire', 9, 38, 22, 398),
(67, '2023-04-17', '14:17:24', '11:29:09', '20:58:46', 343, 'Première', 4, 35, 9, 87),
(68, '2023-11-23', '02:33:04', '15:55:42', '07:41:55', 551, 'Première', 13, 37, 16, 154),
(69, '2024-12-09', '03:47:16', '16:40:45', '05:01:02', 114, 'Economique', 9, 24, 33, 324),
(70, '2024-09-24', '00:08:46', '01:09:05', '10:26:03', 637, 'Economique', 12, 96, 36, 490),
(71, '2024-01-16', '16:04:23', '20:58:48', '06:26:23', 699, 'Affaire', 2, 81, 29, 58),
(72, '2024-07-13', '23:06:12', '13:15:42', '13:09:14', 705, 'Affaire', 7, 47, 26, 245),
(73, '2024-10-07', '16:23:24', '12:43:26', '19:56:46', 594, 'Première', 6, 50, 22, 225),
(74, '2023-07-12', '05:22:16', '10:43:03', '04:18:34', 748, 'Première', 5, 12, 24, 300),
(75, '2023-08-19', '03:16:56', '19:35:04', '13:35:24', 347, 'Economique', 7, 11, 15, 240),
(76, '2023-08-17', '09:45:04', '17:53:14', '09:28:21', 668, 'Economique', 6, 70, 6, 485),
(77, '2023-07-06', '11:20:00', '21:36:21', '06:15:09', 127, 'Affaire', 15, 31, 10, 300),
(78, '2024-09-26', '13:13:10', '03:34:18', '17:56:20', 179, 'Affaire', 5, 34, 6, 170),
(79, '2024-11-08', '05:36:53', '00:09:11', '11:56:55', 544, 'Première', 4, 54, 31, 101),
(80, '2024-09-08', '18:58:37', '04:15:28', '11:53:23', 482, 'Première', 2, 67, 33, 171),
(81, '2024-10-28', '18:08:05', '10:25:54', '00:42:32', 699, 'Economique', 9, 1, 6, 213),
(82, '2024-12-02', '20:43:49', '16:31:03', '01:13:52', 464, 'Economique', 8, 79, 19, 154),
(83, '2024-12-31', '01:03:27', '06:56:26', '17:31:47', 291, 'Affaire', 3, 9, 47, 221),
(84, '2023-03-30', '00:22:37', '05:43:02', '10:57:48', 213, 'Affaire', 13, 87, 43, 213),
(85, '2024-08-02', '16:58:14', '20:19:55', '07:24:45', 127, 'Première', 14, 34, 7, 219),
(86, '2023-08-02', '07:12:42', '16:28:36', '04:29:55', 384, 'Première', 7, 79, 22, 101),
(87, '2023-09-08', '05:30:55', '21:05:47', '11:00:48', 135, 'Economique', 12, 64, 27, 445),
(88, '2025-02-14', '19:22:49', '17:10:00', '13:05:42', 170, 'Economique', 7, 30, 36, 63),
(89, '2023-05-20', '14:35:01', '23:31:46', '00:55:32', 761, 'Affaire', 5, 60, 6, 13),
(90, '2024-03-11', '17:35:22', '12:54:18', '15:48:48', 557, 'Affaire', 9, 50, 48, 19),
(91, '2024-06-18', '13:23:28', '16:05:53', '07:29:31', 611, 'Première', 2, 75, 17, 211),
(92, '2023-10-17', '23:23:17', '03:20:38', '08:44:30', 669, 'Première', 2, 93, 39, 190),
(93, '2024-01-15', '23:08:09', '21:22:10', '04:23:07', 103, 'Economique', 10, 100, 43, 448),
(94, '2025-02-13', '08:00:50', '12:47:12', '20:30:44', 181, 'Economique', 1, 30, 15, 435),
(95, '2023-09-09', '15:47:19', '21:20:43', '21:35:01', 667, 'Affaire', 5, 4, 14, 477),
(96, '2024-12-24', '22:48:42', '01:25:19', '14:01:39', 797, 'Affaire', 5, 41, 20, 324),
(97, '2025-02-03', '12:26:35', '12:41:53', '14:23:33', 645, 'Première', 6, 83, 3, 432),
(98, '2025-02-11', '22:30:37', '11:51:09', '13:57:26', 351, 'Première', 14, 76, 34, 139),
(99, '2023-11-02', '22:02:21', '06:04:31', '03:35:38', 125, 'Economique', 2, 50, 16, 447),
(100, '2024-09-09', '04:54:18', '00:36:46', '02:28:54', 758, 'Economique', 1, 52, 4, 250),
(101, '2023-10-09', '07:02:23', '01:11:25', '05:42:43', 240, 'Affaire', 6, 35, 2, 83),
(102, '2025-02-04', '10:35:11', '05:50:10', '12:59:41', 420, 'Affaire', 11, 54, 23, 368),
(103, '2024-02-01', '13:12:11', '13:41:28', '14:17:13', 101, 'Première', 13, 69, 18, 279),
(104, '2023-06-30', '01:56:12', '23:57:46', '19:18:10', 679, 'Première', 6, 47, 17, 397),
(105, '2025-01-28', '11:39:32', '20:42:12', '01:22:09', 699, 'Economique', 7, 41, 50, 145),
(106, '2024-06-14', '22:22:46', '03:16:26', '21:32:42', 149, 'Economique', 11, 67, 14, 1),
(107, '2024-02-05', '01:23:35', '12:02:43', '12:36:36', 486, 'Affaire', 9, 27, 31, 402),
(108, '2023-04-24', '20:43:56', '15:46:35', '17:12:02', 327, 'Affaire', 7, 83, 8, 128),
(109, '2024-11-07', '10:15:58', '17:51:58', '17:00:49', 618, 'Première', 7, 93, 4, 86),
(110, '2023-09-21', '00:21:05', '15:36:47', '06:49:23', 189, 'Première', 8, 76, 9, 20),
(111, '2023-07-24', '06:53:28', '12:33:19', '00:06:49', 395, 'Economique', 4, 72, 13, 248),
(112, '2024-02-10', '12:52:19', '11:11:41', '00:07:02', 381, 'Economique', 8, 40, 9, 385),
(113, '2024-10-23', '05:19:09', '08:28:11', '05:00:13', 519, 'Affaire', 8, 37, 1, 341),
(114, '2023-12-25', '09:53:04', '00:21:09', '07:05:27', 516, 'Affaire', 7, 77, 23, 391),
(115, '2024-07-26', '07:39:43', '20:31:01', '22:29:42', 296, 'Première', 8, 38, 28, 227),
(116, '2024-06-20', '13:38:41', '17:24:19', '14:02:39', 484, 'Première', 6, 29, 7, 470),
(117, '2024-03-08', '07:25:00', '01:42:16', '13:09:30', 572, 'Economique', 7, 32, 43, 85),
(118, '2025-01-15', '08:38:02', '10:59:51', '10:11:25', 502, 'Economique', 4, 54, 10, 181),
(119, '2023-05-10', '18:07:36', '18:04:05', '22:37:49', 304, 'Affaire', 11, 79, 25, 11),
(120, '2024-09-05', '20:59:43', '12:27:58', '04:35:47', 185, 'Affaire', 3, 66, 8, 223),
(121, '2024-03-15', '07:08:24', '10:49:24', '13:54:26', 420, 'Première', 13, 82, 24, 280),
(122, '2024-03-29', '10:45:01', '02:41:29', '02:37:21', 138, 'Première', 13, 14, 5, 368),
(123, '2023-05-13', '04:15:29', '02:09:03', '20:43:24', 687, 'Economique', 8, 8, 6, 239),
(124, '2023-05-04', '15:24:41', '18:20:52', '16:52:07', 334, 'Economique', 11, 22, 37, 178),
(125, '2024-07-19', '06:18:21', '15:16:31', '21:58:34', 569, 'Affaire', 4, 96, 11, 39),
(126, '2023-04-02', '05:05:23', '08:05:18', '13:35:47', 124, 'Affaire', 1, 19, 25, 30),
(127, '2023-05-15', '08:47:39', '07:46:34', '22:07:27', 550, 'Première', 10, 56, 8, 37),
(128, '2024-06-19', '04:23:35', '21:55:14', '12:09:08', 553, 'Première', 2, 15, 9, 416),
(129, '2023-06-21', '20:10:11', '20:01:18', '16:48:27', 742, 'Economique', 9, 72, 35, 475),
(130, '2025-03-15', '16:45:43', '14:39:39', '11:52:47', 367, 'Economique', 5, 43, 30, 295),
(131, '2024-10-22', '12:26:08', '14:37:20', '01:46:51', 431, 'Affaire', 5, 73, 10, 497),
(132, '2024-10-03', '16:54:17', '11:42:10', '21:33:39', 109, 'Affaire', 14, 25, 38, 452),
(133, '2024-05-05', '13:10:06', '01:38:54', '18:28:44', 441, 'Première', 6, 73, 34, 84),
(134, '2023-04-27', '08:26:02', '05:42:56', '22:01:47', 653, 'Première', 4, 4, 39, 383),
(135, '2023-07-24', '06:59:50', '16:24:02', '07:30:58', 577, 'Economique', 12, 48, 45, 236),
(136, '2023-04-22', '04:57:09', '04:56:23', '01:48:04', 567, 'Economique', 4, 14, 2, 168),
(137, '2024-03-06', '07:36:06', '10:34:53', '06:49:13', 398, 'Affaire', 6, 94, 46, 372),
(138, '2023-06-07', '10:52:22', '23:51:46', '17:27:15', 193, 'Affaire', 14, 4, 18, 58),
(139, '2023-06-02', '00:25:58', '11:20:11', '23:22:40', 226, 'Première', 1, 97, 5, 64),
(140, '2024-05-03', '14:07:35', '15:29:21', '02:27:04', 395, 'Première', 13, 9, 5, 481),
(141, '2023-09-24', '09:16:55', '04:14:09', '04:47:42', 177, 'Economique', 5, 31, 24, 331),
(142, '2024-12-26', '09:53:34', '07:33:00', '12:46:02', 351, 'Economique', 9, 98, 43, 61),
(143, '2024-02-24', '19:56:31', '05:24:40', '07:08:10', 565, 'Affaire', 8, 65, 32, 311),
(144, '2024-10-15', '17:11:42', '15:22:35', '19:17:44', 133, 'Affaire', 4, 96, 17, 115),
(145, '2024-06-03', '03:13:57', '22:36:54', '21:50:11', 623, 'Première', 2, 12, 21, 39),
(146, '2023-06-13', '18:04:38', '06:52:00', '19:42:07', 383, 'Première', 7, 65, 24, 470),
(147, '2024-12-12', '03:20:29', '08:43:15', '00:37:47', 348, 'Economique', 14, 27, 5, 146),
(148, '2024-08-13', '12:33:20', '21:26:09', '23:14:50', 709, 'Economique', 9, 37, 7, 323),
(149, '2025-01-27', '10:39:43', '02:54:28', '19:47:40', 454, 'Affaire', 5, 73, 47, 341),
(150, '2025-02-05', '02:34:15', '17:00:56', '15:14:25', 205, 'Affaire', 1, 33, 47, 375),
(151, '2025-03-06', '11:36:05', '20:51:36', '06:59:55', 117, 'Première', 5, 46, 41, 135),
(152, '2025-01-28', '06:17:33', '16:36:01', '21:38:25', 798, 'Première', 8, 37, 47, 327),
(153, '2024-01-25', '20:29:20', '10:15:28', '12:57:02', 464, 'Economique', 13, 67, 47, 400),
(154, '2025-02-02', '00:22:18', '12:51:29', '11:53:34', 564, 'Economique', 2, 21, 22, 367),
(155, '2023-10-16', '16:40:52', '04:46:26', '06:37:12', 282, 'Affaire', 9, 38, 36, 238),
(156, '2023-10-23', '02:40:23', '13:37:02', '15:54:53', 653, 'Affaire', 6, 13, 20, 261),
(157, '2023-08-10', '14:33:33', '07:43:07', '16:04:09', 719, 'Première', 8, 39, 29, 310),
(158, '2023-03-24', '10:39:11', '01:23:26', '20:03:15', 656, 'Première', 10, 79, 38, 172),
(159, '2025-01-05', '19:14:56', '11:52:56', '21:04:30', 245, 'Economique', 10, 93, 20, 110),
(160, '2024-04-06', '05:12:20', '04:26:33', '16:25:09', 516, 'Economique', 10, 3, 3, 91),
(161, '2024-01-15', '22:50:37', '12:02:41', '07:53:21', 779, 'Affaire', 1, 43, 32, 11),
(162, '2023-07-21', '16:14:18', '07:49:45', '19:30:06', 405, 'Affaire', 14, 31, 5, 38),
(163, '2024-05-18', '13:07:15', '23:06:59', '03:07:57', 308, 'Première', 2, 32, 13, 233),
(164, '2024-02-16', '12:37:16', '12:29:29', '11:08:48', 743, 'Première', 5, 10, 37, 355),
(165, '2025-02-28', '11:26:49', '17:33:02', '18:37:20', 783, 'Economique', 7, 48, 34, 101),
(166, '2024-08-29', '23:32:21', '21:53:09', '05:46:08', 290, 'Economique', 4, 52, 18, 328),
(167, '2024-05-16', '13:55:46', '03:00:05', '07:34:33', 116, 'Affaire', 13, 38, 22, 280),
(168, '2025-02-25', '17:53:41', '14:57:47', '19:45:06', 191, 'Affaire', 7, 93, 10, 32),
(169, '2024-05-18', '22:12:11', '17:39:52', '18:12:46', 234, 'Première', 6, 36, 35, 383),
(170, '2023-09-26', '15:11:48', '03:11:28', '02:04:35', 589, 'Première', 13, 9, 22, 32),
(171, '2023-11-01', '01:20:38', '20:34:20', '09:52:42', 575, 'Economique', 8, 74, 44, 27),
(172, '2023-06-28', '20:40:21', '13:15:50', '06:26:04', 602, 'Economique', 3, 8, 41, 374),
(173, '2023-10-04', '05:50:25', '00:36:10', '05:29:16', 300, 'Affaire', 15, 45, 12, 373),
(174, '2025-01-31', '03:14:45', '08:21:51', '11:02:51', 203, 'Affaire', 10, 66, 17, 405),
(175, '2025-01-05', '03:47:39', '08:13:50', '06:39:00', 109, 'Première', 13, 95, 12, 127),
(176, '2023-09-19', '08:54:37', '17:35:56', '14:03:28', 530, 'Première', 5, 80, 12, 170),
(177, '2024-03-04', '14:50:45', '03:51:10', '10:56:31', 108, 'Economique', 2, 44, 4, 52),
(178, '2024-01-10', '16:03:41', '16:55:45', '18:11:20', 255, 'Economique', 13, 98, 15, 230),
(179, '2023-11-11', '18:02:04', '10:26:48', '18:48:46', 483, 'Affaire', 13, 10, 36, 106),
(180, '2024-09-17', '11:41:40', '08:19:29', '01:01:45', 482, 'Affaire', 2, 9, 15, 246),
(181, '2023-05-15', '06:38:00', '08:17:26', '10:34:22', 532, 'Première', 3, 80, 48, 43),
(182, '2024-11-06', '10:11:43', '04:54:32', '21:40:54', 159, 'Première', 11, 18, 15, 13),
(183, '2023-11-07', '21:05:08', '05:57:14', '02:51:56', 779, 'Economique', 15, 46, 36, 232),
(184, '2023-11-17', '17:21:01', '04:32:38', '12:49:54', 217, 'Economique', 8, 24, 25, 247),
(185, '2024-05-11', '05:20:34', '18:11:54', '09:43:44', 577, 'Affaire', 10, 14, 42, 184),
(186, '2025-01-09', '21:02:08', '19:20:12', '17:37:36', 517, 'Affaire', 5, 28, 35, 404),
(187, '2024-06-30', '03:15:34', '23:38:21', '13:38:07', 353, 'Première', 10, 75, 42, 90),
(188, '2024-04-30', '04:45:20', '18:51:57', '21:10:36', 571, 'Première', 1, 42, 37, 153),
(189, '2023-05-18', '12:37:32', '03:00:49', '13:05:52', 437, 'Economique', 12, 40, 30, 359),
(190, '2023-08-09', '17:43:35', '07:57:50', '23:16:43', 761, 'Economique', 14, 89, 41, 279),
(191, '2024-02-09', '17:54:55', '01:07:40', '00:55:22', 439, 'Affaire', 4, 57, 24, 315),
(192, '2025-02-22', '17:50:15', '08:16:49', '07:52:33', 794, 'Affaire', 2, 32, 29, 125),
(193, '2024-07-15', '21:57:43', '22:32:50', '12:01:01', 794, 'Première', 14, 89, 50, 368),
(194, '2023-09-27', '16:45:10', '19:23:04', '15:42:38', 493, 'Première', 10, 95, 28, 419),
(195, '2024-01-17', '04:13:51', '02:35:59', '19:25:50', 634, 'Economique', 9, 79, 44, 353),
(196, '2024-08-26', '23:15:23', '03:45:54', '23:03:56', 681, 'Economique', 14, 84, 12, 334),
(197, '2024-04-21', '02:02:31', '22:15:21', '12:35:27', 386, 'Affaire', 6, 21, 49, 471),
(198, '2024-11-03', '03:52:15', '13:54:09', '19:54:07', 646, 'Affaire', 10, 31, 2, 244),
(199, '2024-03-04', '02:54:21', '03:27:42', '09:01:33', 197, 'Première', 4, 77, 28, 310),
(200, '2024-10-26', '21:39:51', '19:55:59', '06:53:05', 761, 'Première', 5, 88, 23, 142),
(201, '2024-07-30', '06:58:40', '15:53:31', '04:07:01', 643, 'Economique', 3, 17, 6, 322),
(202, '2024-09-14', '10:21:15', '10:45:54', '11:12:08', 710, 'Economique', 4, 62, 18, 36),
(203, '2023-11-18', '00:34:53', '05:50:46', '15:39:49', 339, 'Affaire', 11, 89, 3, 484),
(204, '2023-07-20', '00:29:34', '12:02:42', '23:54:48', 775, 'Affaire', 1, 85, 14, 278),
(205, '2023-04-02', '11:57:52', '22:53:29', '13:14:34', 429, 'Première', 15, 8, 31, 140),
(206, '2024-03-29', '01:53:58', '13:21:39', '16:58:17', 186, 'Première', 12, 10, 20, 137),
(207, '2024-01-27', '02:07:02', '02:38:11', '19:49:08', 756, 'Economique', 6, 100, 46, 9),
(208, '2023-11-20', '19:20:14', '18:22:02', '11:11:58', 443, 'Economique', 9, 73, 49, 280),
(209, '2024-05-16', '16:35:12', '22:03:14', '04:29:33', 350, 'Affaire', 6, 11, 30, 465),
(210, '2024-07-09', '08:20:03', '17:12:52', '16:30:34', 283, 'Affaire', 10, 40, 15, 92),
(211, '2025-01-13', '18:26:26', '21:31:29', '18:04:21', 751, 'Première', 2, 59, 3, 366),
(212, '2024-12-15', '13:46:47', '03:13:47', '19:56:59', 450, 'Première', 5, 76, 36, 132),
(213, '2024-03-23', '17:48:34', '15:44:27', '20:11:43', 135, 'Economique', 5, 50, 39, 477),
(214, '2024-02-29', '00:26:05', '03:57:30', '05:13:20', 210, 'Economique', 3, 76, 3, 108),
(215, '2023-04-16', '19:17:11', '16:06:03', '08:48:09', 420, 'Affaire', 6, 87, 20, 128),
(216, '2023-07-16', '07:03:37', '16:07:38', '07:52:19', 249, 'Affaire', 9, 41, 35, 431),
(217, '2024-08-13', '06:02:29', '19:08:45', '04:29:14', 719, 'Première', 9, 63, 14, 86),
(218, '2023-07-28', '13:54:38', '00:42:53', '13:24:25', 303, 'Première', 11, 95, 19, 311),
(219, '2023-06-04', '05:32:32', '11:13:07', '12:31:44', 281, 'Economique', 13, 97, 27, 268),
(220, '2023-12-31', '22:12:41', '23:08:44', '18:49:16', 104, 'Economique', 10, 41, 9, 321),
(221, '2023-06-27', '10:43:44', '01:31:26', '09:41:03', 739, 'Affaire', 5, 4, 38, 201),
(222, '2023-11-10', '22:39:34', '17:52:20', '03:53:32', 425, 'Affaire', 12, 33, 1, 247),
(223, '2024-09-19', '12:29:40', '16:25:54', '22:41:19', 631, 'Première', 10, 95, 31, 344),
(224, '2024-05-15', '15:53:11', '22:54:04', '02:18:35', 551, 'Première', 14, 39, 31, 291),
(225, '2025-01-21', '20:05:16', '10:34:58', '09:30:45', 415, 'Economique', 11, 19, 20, 293),
(226, '2023-10-18', '23:30:50', '17:52:51', '17:33:34', 444, 'Economique', 15, 48, 42, 318),
(227, '2024-11-18', '03:44:27', '07:59:30', '21:07:11', 396, 'Affaire', 6, 83, 48, 84),
(228, '2023-06-19', '20:21:33', '07:43:41', '02:40:58', 788, 'Affaire', 4, 37, 43, 158),
(229, '2023-10-25', '02:50:47', '21:00:42', '06:20:44', 596, 'Première', 8, 34, 40, 211),
(230, '2023-10-14', '11:47:33', '02:58:11', '16:22:29', 247, 'Première', 5, 89, 14, 276),
(231, '2024-03-16', '07:23:58', '14:35:56', '14:23:22', 330, 'Economique', 10, 98, 26, 155),
(232, '2023-04-13', '21:37:57', '14:14:52', '20:15:21', 157, 'Economique', 1, 68, 18, 367),
(233, '2023-11-16', '12:58:17', '07:57:21', '16:20:11', 349, 'Affaire', 12, 21, 49, 282),
(234, '2025-02-17', '16:48:37', '04:42:51', '14:11:19', 113, 'Affaire', 1, 24, 31, 373),
(235, '2024-09-11', '02:46:10', '04:42:37', '14:28:27', 124, 'Première', 12, 50, 41, 491),
(236, '2024-10-11', '20:21:00', '06:25:57', '16:19:11', 365, 'Première', 8, 43, 34, 289),
(237, '2024-03-19', '11:26:13', '13:20:14', '03:37:13', 763, 'Economique', 6, 15, 24, 79),
(238, '2024-06-07', '10:28:38', '13:09:31', '08:39:49', 345, 'Economique', 8, 33, 41, 437),
(239, '2025-02-03', '02:32:05', '09:51:14', '05:47:43', 300, 'Affaire', 15, 65, 41, 392),
(240, '2023-06-25', '03:16:27', '01:56:35', '08:26:10', 636, 'Affaire', 8, 10, 21, 6),
(241, '2023-06-14', '13:42:50', '15:36:54', '00:59:06', 758, 'Première', 5, 99, 4, 27),
(242, '2024-08-18', '17:03:19', '05:20:45', '20:21:12', 436, 'Première', 9, 16, 38, 48),
(243, '2024-12-09', '14:34:15', '15:50:33', '18:59:55', 433, 'Economique', 9, 92, 35, 43),
(244, '2024-08-21', '07:42:05', '23:44:21', '16:57:37', 267, 'Economique', 3, 18, 23, 151),
(245, '2023-05-18', '19:20:08', '10:18:14', '17:15:38', 762, 'Affaire', 6, 30, 13, 343),
(246, '2023-10-21', '06:02:50', '09:32:12', '18:48:15', 152, 'Affaire', 7, 86, 6, 268),
(247, '2024-06-24', '10:53:01', '04:45:11', '21:01:58', 145, 'Première', 9, 74, 19, 153),
(248, '2025-01-04', '02:32:54', '22:34:29', '20:03:52', 290, 'Première', 5, 3, 26, 75),
(249, '2023-11-10', '08:13:24', '22:01:03', '00:09:51', 567, 'Economique', 11, 30, 13, 109),
(250, '2023-12-17', '04:45:06', '02:31:33', '11:26:53', 711, 'Economique', 11, 64, 21, 253);

-- --------------------------------------------------------

--
-- Structure de la vue `listpilote`
--
DROP TABLE IF EXISTS `listpilote`;

DROP VIEW IF EXISTS `listpilote`;
CREATE ALGORITHM=UNDEFINED DEFINER=`root`@`localhost` SQL SECURITY DEFINER VIEW `listpilote`  AS SELECT `u`.`nom` AS `nom`, `u`.`prenom` AS `prenom`, `u`.`mail` AS `mail`, `u`.`ref_compagnie` AS `ref_compagnie` FROM `user` AS `u` WHERE (`u`.`fonction` = 'Pilote') ;

-- --------------------------------------------------------

--
-- Structure de la vue `listvol`
--
DROP TABLE IF EXISTS `listvol`;

DROP VIEW IF EXISTS `listvol`;
CREATE ALGORITHM=UNDEFINED DEFINER=`root`@`localhost` SQL SECURITY DEFINER VIEW `listvol`  AS SELECT `v`.`date` AS `date`, `v`.`heure_dep` AS `heure_dep`, `v`.`heure_arr` AS `heure_arr`, `d`.`nom_aeroport` AS `nom_aeroport`, `c`.`nom` AS `nom` FROM ((`vol` `v` join `compagnie` `c` on((`v`.`ref_compagnie` = `c`.`id_companie`))) join `destination` `d` on((`v`.`ref_destination` = `d`.`id_destination`))) ;

--
-- Contraintes pour les tables déchargées
--

--
-- Contraintes pour la table `avion`
--
ALTER TABLE `avion`
  ADD CONSTRAINT `fk_avion_modele` FOREIGN KEY (`ref_modele`) REFERENCES `modele` (`id_modele`) ON DELETE RESTRICT ON UPDATE RESTRICT;

--
-- Contraintes pour la table `destination`
--
ALTER TABLE `destination`
  ADD CONSTRAINT `fk_destination_ville` FOREIGN KEY (`ref_ville`) REFERENCES `ville` (`id_ville`) ON DELETE RESTRICT ON UPDATE RESTRICT;

--
-- Contraintes pour la table `user`
--
ALTER TABLE `user`
  ADD CONSTRAINT `fk_user_companie` FOREIGN KEY (`ref_compagnie`) REFERENCES `compagnie` (`id_companie`) ON DELETE RESTRICT ON UPDATE RESTRICT;

--
-- Contraintes pour la table `userconge`
--
ALTER TABLE `userconge`
  ADD CONSTRAINT `fk_userconge_conge` FOREIGN KEY (`ref_conge`) REFERENCES `conge` (`id_conge`) ON DELETE RESTRICT ON UPDATE RESTRICT,
  ADD CONSTRAINT `fk_userconge_user` FOREIGN KEY (`ref_user`) REFERENCES `user` (`id_user`) ON DELETE RESTRICT ON UPDATE RESTRICT;

--
-- Contraintes pour la table `uservol`
--
ALTER TABLE `uservol`
  ADD CONSTRAINT `fk_uservol_user` FOREIGN KEY (`ref_user`) REFERENCES `user` (`id_user`) ON DELETE RESTRICT ON UPDATE RESTRICT,
  ADD CONSTRAINT `fk_uservol_vol` FOREIGN KEY (`ref_vol`) REFERENCES `vol` (`id_vol`) ON DELETE RESTRICT ON UPDATE RESTRICT;

--
-- Contraintes pour la table `ville`
--
ALTER TABLE `ville`
  ADD CONSTRAINT `fk_ville_pays` FOREIGN KEY (`ref_pays`) REFERENCES `pays` (`id_pays`) ON DELETE RESTRICT ON UPDATE RESTRICT;

--
-- Contraintes pour la table `vol`
--
ALTER TABLE `vol`
  ADD CONSTRAINT `fk_vol_avion` FOREIGN KEY (`ref_avion`) REFERENCES `avion` (`id_avion`) ON DELETE RESTRICT ON UPDATE RESTRICT,
  ADD CONSTRAINT `fk_vol_companie` FOREIGN KEY (`ref_compagnie`) REFERENCES `compagnie` (`id_companie`) ON DELETE RESTRICT ON UPDATE RESTRICT,
  ADD CONSTRAINT `fk_vol_destination` FOREIGN KEY (`ref_destination`) REFERENCES `destination` (`id_destination`) ON DELETE RESTRICT ON UPDATE RESTRICT,
  ADD CONSTRAINT `fk_vol_user` FOREIGN KEY (`ref_pilote`) REFERENCES `user` (`id_user`) ON DELETE RESTRICT ON UPDATE RESTRICT;
COMMIT;

/*!40101 SET CHARACTER_SET_CLIENT=@OLD_CHARACTER_SET_CLIENT */;
/*!40101 SET CHARACTER_SET_RESULTS=@OLD_CHARACTER_SET_RESULTS */;
/*!40101 SET COLLATION_CONNECTION=@OLD_COLLATION_CONNECTION */;
