-- phpMyAdmin SQL Dump
-- version 5.2.1
-- https://www.phpmyadmin.net/
--
-- Hôte : 127.0.0.1:3306
-- Généré le : mar. 26 mars 2024 à 08:35
-- Version du serveur : 8.2.0
-- Version de PHP : 8.2.13

SET SQL_MODE = "NO_AUTO_VALUE_ON_ZERO";
START TRANSACTION;
SET time_zone = "+00:00";


/*!40101 SET @OLD_CHARACTER_SET_CLIENT=@@CHARACTER_SET_CLIENT */;
/*!40101 SET @OLD_CHARACTER_SET_RESULTS=@@CHARACTER_SET_RESULTS */;
/*!40101 SET @OLD_COLLATION_CONNECTION=@@COLLATION_CONNECTION */;
/*!40101 SET NAMES utf8mb4 */;

--
-- Base de données : `projetaeroport`
--

-- --------------------------------------------------------

--
-- Structure de la table `avion`
--

DROP TABLE IF EXISTS `avion`;
CREATE TABLE IF NOT EXISTS `avion` (
  `id_avion` int NOT NULL AUTO_INCREMENT,
  `nb_place` int NOT NULL,
  `immat` varchar(150) NOT NULL,
  `ref_modele` int NOT NULL,
  PRIMARY KEY (`id_avion`),
  KEY `fk_avion_modele` (`ref_modele`)
) ENGINE=InnoDB AUTO_INCREMENT=52 DEFAULT CHARSET=utf8mb4 COLLATE=utf8mb4_0900_ai_ci;

--
-- Déchargement des données de la table `avion`
--

INSERT INTO `avion` (`id_avion`, `nb_place`, `immat`, `ref_modele`) VALUES
(2, 596, '7244-2054-4727', 14),
(3, 515, '4569-5701-3237', 16),
(4, 542, '1627-3126-1786', 12),
(5, 442, '5877-4804-1605', 21),
(6, 485, '3541-8755-6638', 19),
(7, 264, '6059-6188-9718', 21),
(8, 711, '0286-9778-5262', 5),
(9, 428, '2531-4386-2224', 2),
(10, 413, '3155-8320-6608', 21),
(11, 327, '5808-8237-4921', 8),
(12, 797, '8188-6521-5230', 2),
(13, 838, '3418-0683-8656', 9),
(14, 365, '8975-5048-3852', 19),
(15, 370, '1543-6578-6914', 23),
(16, 175, '7582-5259-6005', 6),
(17, 704, '3166-0751-2184', 6),
(18, 669, '3855-8387-0657', 13),
(19, 429, '1505-7102-3533', 1),
(20, 231, '7893-3671-8167', 16),
(21, 622, '2423-7280-9576', 18),
(22, 213, '9616-1925-9234', 16),
(23, 643, '6647-2655-2041', 19),
(24, 255, '1823-8706-8143', 24),
(25, 834, '0571-9552-9597', 12),
(26, 830, '0168-9583-9004', 2),
(27, 761, '0387-5832-1380', 24),
(28, 350, '6475-7954-1864', 2),
(29, 250, '2430-8550-0634', 4),
(30, 839, '8468-2544-7701', 2),
(31, 745, '6564-4769-4635', 10),
(32, 845, '2751-5435-4671', 24),
(33, 503, '7726-3021-2262', 21),
(34, 272, '2396-8744-3986', 2),
(35, 600, '9183-1154-1238', 5),
(36, 601, '8036-7706-4067', 23),
(37, 271, '0466-3623-5765', 7),
(38, 271, '5382-7061-7275', 4),
(39, 735, '7988-3956-3708', 8),
(40, 406, '6132-5389-8238', 1),
(41, 553, '5094-2288-7837', 6),
(42, 450, '1867-4282-7754', 19),
(43, 806, '6379-6754-6928', 16),
(44, 821, '7833-8081-2885', 9),
(45, 796, '3468-8638-1386', 6),
(46, 690, '4684-4261-6774', 13),
(47, 580, '2872-1351-2557', 14),
(48, 620, '1818-6431-2185', 22),
(49, 240, '7151-6267-9728', 17),
(50, 563, '6243-7034-3827', 8),
(51, 183, '4161-8748-1615', 16);

-- --------------------------------------------------------

--
-- Structure de la table `compagnie`
--

DROP TABLE IF EXISTS `compagnie`;
CREATE TABLE IF NOT EXISTS `compagnie` (
  `id_companie` int NOT NULL AUTO_INCREMENT,
  `nom` varchar(100) NOT NULL,
  `numero` varchar(50) NOT NULL,
  PRIMARY KEY (`id_companie`)
) ENGINE=InnoDB AUTO_INCREMENT=16 DEFAULT CHARSET=utf8mb4 COLLATE=utf8mb4_0900_ai_ci;

--
-- Déchargement des données de la table `compagnie`
--

INSERT INTO `compagnie` (`id_companie`, `nom`, `numero`) VALUES
(1, 'Pellentesque Ut Ipsum LLC', '03 26 34 14 52'),
(2, 'Magna Nam Industries', '1-235-736-2871'),
(3, 'Commodo Auctor Company', '07 74 13 68 64'),
(4, 'Etiam Ligula Industries', '1-436-372-4538'),
(5, 'Nam Nulla Magna Ltd', '558-7825'),
(6, 'Mauris Ipsum Porta Associates', '02 14 64 44 54'),
(7, 'Tempus Mauris LLP', '1-259-737-9227'),
(8, 'Arcu LLP', '01 02 42 13 24'),
(9, 'Quam Quis Industries', '01 28 52 17 51'),
(10, 'Ipsum Dolor Inc.', '06 76 74 25 13'),
(11, 'Ac Facilisis Consulting', '997-7468'),
(12, 'Sit Amet Limited', '07 15 53 16 38'),
(13, 'Lorem Ipsum Ltd', '944-4883'),
(14, 'Curae Phasellus Ornare Corp.', '1-645-866-7498'),
(15, 'Sem Pellentesque Ut PC', '01 93 74 36 48');

-- --------------------------------------------------------

--
-- Structure de la table `conge`
--

DROP TABLE IF EXISTS `conge`;
CREATE TABLE IF NOT EXISTS `conge` (
  `id_conge` int NOT NULL AUTO_INCREMENT,
  `date_debut` date NOT NULL,
  `date_fin` date NOT NULL,
  PRIMARY KEY (`id_conge`)
) ENGINE=InnoDB DEFAULT CHARSET=utf8mb4 COLLATE=utf8mb4_0900_ai_ci;

-- --------------------------------------------------------

--
-- Structure de la table `destination`
--

DROP TABLE IF EXISTS `destination`;
CREATE TABLE IF NOT EXISTS `destination` (
  `id_destination` int NOT NULL AUTO_INCREMENT,
  `nom_aeroport` varchar(100) NOT NULL,
  `ref_ville` int NOT NULL,
  PRIMARY KEY (`id_destination`),
  KEY `fk_destination_pays` (`ref_ville`)
) ENGINE=InnoDB AUTO_INCREMENT=101 DEFAULT CHARSET=utf8mb4 COLLATE=utf8mb4_0900_ai_ci;

--
-- Déchargement des données de la table `destination`
--

INSERT INTO `destination` (`id_destination`, `nom_aeroport`, `ref_ville`) VALUES
(1, 'Daquan Gaines Aéroport', 198),
(2, 'Chantale Cabrera Aéroport', 123),
(3, 'Patrick Trujillo Aéroport', 193),
(4, 'Amir Baker Aéroport', 23),
(5, 'Macey Davis Aéroport', 84),
(6, 'Matthew Parrish Aéroport', 133),
(7, 'May Ochoa Aéroport', 126),
(8, 'Cathleen Mathews Aéroport', 248),
(9, 'Ethan Wiggins Aéroport', 181),
(10, 'Igor Coffey Aéroport', 124),
(11, 'Miranda Bowen Aéroport', 243),
(12, 'Raja Barton Aéroport', 231),
(13, 'Maite Wilkins Aéroport', 184),
(14, 'Britanni Conrad Aéroport', 59),
(15, 'Dawn Matthews Aéroport', 249),
(16, 'Abbot Sanford Aéroport', 77),
(17, 'Hamish Snider Aéroport', 91),
(18, 'Lara Shaffer Aéroport', 212),
(19, 'Driscoll Morris Aéroport', 94),
(20, 'Driscoll Snyder Aéroport', 123),
(21, 'Yoko Ratliff Aéroport', 24),
(22, 'Wesley Sweeney Aéroport', 51),
(23, 'Denise Puckett Aéroport', 156),
(24, 'Zahir Parsons Aéroport', 85),
(25, 'David Buck Aéroport', 120),
(26, 'Driscoll Sharp Aéroport', 149),
(27, 'Hillary Pennington Aéroport', 45),
(28, 'Orson Buckley Aéroport', 8),
(29, 'Bryar Duran Aéroport', 224),
(30, 'Hermione Barry Aéroport', 162),
(31, 'Frances Bradford Aéroport', 123),
(32, 'Jeremy Baker Aéroport', 172),
(33, 'Brynne Preston Aéroport', 146),
(34, 'Ross Hanson Aéroport', 250),
(35, 'Kelly Richmond Aéroport', 131),
(36, 'Jaden Nelson Aéroport', 118),
(37, 'May Wolf Aéroport', 62),
(38, 'May Knight Aéroport', 183),
(39, 'Morgan Stevens Aéroport', 213),
(40, 'Blythe Carrillo Aéroport', 157),
(41, 'Iona Stanley Aéroport', 194),
(42, 'Cruz Hale Aéroport', 102),
(43, 'Macon Pierce Aéroport', 88),
(44, 'Summer Mcleod Aéroport', 197),
(45, 'Daria Hendricks Aéroport', 45),
(46, 'Carolyn Luna Aéroport', 52),
(47, 'Nero Padilla Aéroport', 49),
(48, 'Armand Hull Aéroport', 91),
(49, 'Ori Lawson Aéroport', 132),
(50, 'Burke Cardenas Aéroport', 41),
(51, 'Felix Chavez Aéroport', 70),
(52, 'Brenden Richards Aéroport', 2),
(53, 'Joy Beck Aéroport', 119),
(54, 'Iola Brewer Aéroport', 100),
(55, 'Nehru Mclean Aéroport', 79),
(56, 'Ursa Peterson Aéroport', 95),
(57, 'Marah Booth Aéroport', 69),
(58, 'Olympia Wilkins Aéroport', 62),
(59, 'Adam Hewitt Aéroport', 129),
(60, 'Ferris Barber Aéroport', 68),
(61, 'Yvonne Dejesus Aéroport', 71),
(62, 'Pamela Bonner Aéroport', 152),
(63, 'Ali Hughes Aéroport', 38),
(64, 'Ainsley Perry Aéroport', 87),
(65, 'Natalie Larsen Aéroport', 65),
(66, 'Castor Barker Aéroport', 43),
(67, 'Wynter York Aéroport', 62),
(68, 'Alice Duffy Aéroport', 4),
(69, 'Uriah Logan Aéroport', 200),
(70, 'Inez O\'donnell Aéroport', 214),
(71, 'Tanek Russell Aéroport', 195),
(72, 'Shay Alvarado Aéroport', 167),
(73, 'Marsden Holloway Aéroport', 4),
(74, 'Clio Olsen Aéroport', 73),
(75, 'Linus Gates Aéroport', 150),
(76, 'Cailin Kinney Aéroport', 65),
(77, 'Brynn Massey Aéroport', 166),
(78, 'Martin Huff Aéroport', 74),
(79, 'Daquan Gray Aéroport', 215),
(80, 'Marah Hubbard Aéroport', 149),
(81, 'Rashad Spencer Aéroport', 64),
(82, 'Kaitlin Cardenas Aéroport', 143),
(83, 'Leilani Snyder Aéroport', 132),
(84, 'Ruby Salas Aéroport', 106),
(85, 'Daquan Spence Aéroport', 4),
(86, 'Xantha Sampson Aéroport', 169),
(87, 'Fulton Lawrence Aéroport', 116),
(88, 'Aladdin Bailey Aéroport', 156),
(89, 'Castor Mayo Aéroport', 76),
(90, 'Ezekiel Velazquez Aéroport', 218),
(91, 'Steel Fry Aéroport', 227),
(92, 'Camilla Johnson Aéroport', 80),
(93, 'Jerome Mckinney Aéroport', 246),
(94, 'Benedict Ramsey Aéroport', 102),
(95, 'Serena Blevins Aéroport', 209),
(96, 'Jennifer Molina Aéroport', 218),
(97, 'Armand Hyde Aéroport', 250),
(98, 'Geoffrey Carrillo Aéroport', 86),
(99, 'Noelle Knapp Aéroport', 208),
(100, 'Tyrone Campos Aéroport', 11);

-- --------------------------------------------------------

--
-- Structure de la table `fonction`
--

DROP TABLE IF EXISTS `fonction`;
CREATE TABLE IF NOT EXISTS `fonction` (
  `id_fonction` int NOT NULL AUTO_INCREMENT,
  `fonction` varchar(250) NOT NULL,
  PRIMARY KEY (`id_fonction`)
) ENGINE=InnoDB AUTO_INCREMENT=5 DEFAULT CHARSET=utf8mb4 COLLATE=utf8mb4_0900_ai_ci;

--
-- Déchargement des données de la table `fonction`
--

INSERT INTO `fonction` (`id_fonction`, `fonction`) VALUES
(1, 'Client'),
(2, 'Pilote'),
(3, 'Compagnie'),
(4, 'Administrateur');

-- --------------------------------------------------------

--
-- Structure de la table `hotel`
--

DROP TABLE IF EXISTS `hotel`;
CREATE TABLE IF NOT EXISTS `hotel` (
  `id_hotel` int NOT NULL AUTO_INCREMENT,
  `nom` varchar(200) NOT NULL,
  `ref_pays` int NOT NULL,
  `ref_ville` int NOT NULL,
  `adresse` varchar(200) NOT NULL,
  `telephone` varchar(200) NOT NULL,
  `nbr_chambre` int NOT NULL,
  `pourcent` int NOT NULL,
  `etoile` int NOT NULL,
  PRIMARY KEY (`id_hotel`),
  KEY `fk_hotel_pays` (`ref_pays`),
  KEY `fk_hotel_ville` (`ref_ville`)
) ENGINE=InnoDB AUTO_INCREMENT=501 DEFAULT CHARSET=utf8mb4 COLLATE=utf8mb4_0900_ai_ci;

--
-- Déchargement des données de la table `hotel`
--

INSERT INTO `hotel` (`id_hotel`, `nom`, `ref_pays`, `ref_ville`, `adresse`, `telephone`, `nbr_chambre`, `pourcent`, `etoile`) VALUES
(1, 'Idola Hotel', 63, 42, 'Ap #330-7281 Ipsum St.', '00 68 35 62 43', 189, 8, 4),
(2, 'Karen Hotel', 7, 55, '757-2009 In Rd.', '1-865-505-7363', 199, 11, 3),
(3, 'Ariana Hotel', 13, 156, '8474 Aliquam Rd.', '06 68 95 27 15', 37, 21, 2),
(4, 'Maryam Hotel', 9, 242, 'Ap #541-1651 Nibh Av.', '552-4150', 170, 14, 2),
(5, 'Oliver Hotel', 78, 37, '649-8914 Id Road', '730-9562', 41, 14, 4),
(6, 'Shaine Hotel', 26, 6, '957-8307 Fermentum Avenue', '783-8504', 42, 24, 4),
(7, 'Abbot Hotel', 43, 179, 'Ap #101-8858 Non Rd.', '02 08 44 67 86', 134, 16, 0),
(8, 'Brittany Hotel', 68, 20, 'Ap #536-5603 Lacus. Av.', '1-769-323-8163', 188, 23, 3),
(9, 'Kadeem Hotel', 42, 107, 'P.O. Box 681, 3108 Augue, Rd.', '08 18 76 75 59', 188, 6, 3),
(10, 'Zena Hotel', 17, 103, 'Ap #638-5322 Tempus, Rd.', '614-4145', 146, 24, 0),
(11, 'Hunter Hotel', 83, 139, '750-8390 Tempor, St.', '1-755-621-2446', 172, 9, 4),
(12, 'Hillary Hotel', 23, 122, 'Ap #871-2465 Cursus Road', '00 23 38 41 56', 130, 20, 4),
(13, 'Jayme Hotel', 55, 35, 'P.O. Box 918, 6976 Maecenas Street', '670-8924', 80, 14, 0),
(14, 'Omar Hotel', 43, 99, '731-7576 Eget, Avenue', '1-564-313-7093', 125, 21, 1),
(15, 'Bryar Hotel', 79, 45, '960-5412 Imperdiet Avenue', '1-701-876-8178', 173, 22, 0),
(16, 'Pearl Hotel', 23, 58, 'P.O. Box 548, 9975 Primis St.', '03 44 68 27 54', 101, 18, 1),
(17, 'Yen Hotel', 39, 213, 'P.O. Box 940, 8765 Elit. Av.', '877-7331', 155, 24, 1),
(18, 'Preston Hotel', 65, 41, 'P.O. Box 438, 7553 Faucibus Av.', '07 66 41 84 12', 110, 18, 5),
(19, 'McKenzie Hotel', 36, 103, '7830 Faucibus Rd.', '1-246-712-5267', 124, 6, 4),
(20, 'Astra Hotel', 83, 184, 'P.O. Box 725, 224 Sagittis. Street', '1-846-218-1543', 120, 6, 3),
(21, 'Fredericka Hotel', 60, 215, '6024 Nullam St.', '1-765-691-1571', 48, 8, 2),
(22, 'Frances Hotel', 69, 191, '4220 Egestas. Road', '04 88 35 97 71', 195, 20, 1),
(23, 'Sebastian Hotel', 3, 217, 'Ap #396-4811 Et Ave', '703-9225', 147, 23, 3),
(24, 'Quinn Hotel', 48, 99, 'Ap #668-5483 Nisi. Av.', '05 89 44 05 17', 95, 5, 3),
(25, 'Nero Hotel', 23, 74, '388-829 Amet, St.', '1-253-253-5116', 145, 21, 2),
(26, 'Tana Hotel', 77, 127, 'Ap #130-7650 Eu Street', '366-7155', 31, 5, 5),
(27, 'Wang Hotel', 27, 63, 'P.O. Box 658, 4153 Quisque Ave', '575-4338', 136, 18, 3),
(28, 'Iliana Hotel', 18, 134, 'Ap #470-3650 Magna. Avenue', '00 62 45 56 73', 91, 9, 1),
(29, 'Britanney Hotel', 83, 219, 'Ap #939-9780 Pharetra, Street', '1-613-560-8599', 123, 11, 0),
(30, 'Jakeem Hotel', 19, 14, '380-1003 Nunc St.', '00 61 85 03 46', 129, 20, 1),
(31, 'Delilah Hotel', 52, 189, 'Ap #573-5086 Eu St.', '08 47 41 48 42', 109, 17, 3),
(32, 'Conan Hotel', 4, 136, '384-4199 Ipsum. St.', '01 18 34 14 18', 82, 18, 1),
(33, 'Kenneth Hotel', 86, 107, '358-1988 Dictum Av.', '1-547-498-2243', 95, 22, 3),
(34, 'Jena Hotel', 40, 195, '300-4500 Aliquam Road', '1-320-611-4438', 34, 10, 3),
(35, 'Alexander Hotel', 84, 172, 'Ap #704-7098 A Av.', '03 75 64 25 48', 31, 11, 2),
(36, 'Prescott Hotel', 12, 236, 'Ap #369-1138 Enim. Ave', '06 56 26 65 87', 33, 14, 2),
(37, 'Orla Hotel', 20, 19, '6810 Blandit Av.', '1-832-868-1808', 199, 10, 4),
(38, 'Evan Hotel', 27, 104, 'Ap #858-6217 Vitae Ave', '1-325-368-5294', 34, 16, 2),
(39, 'Idona Hotel', 57, 88, 'P.O. Box 949, 5927 Tellus Rd.', '588-3713', 181, 14, 4),
(40, 'Austin Hotel', 72, 90, 'Ap #880-6790 Praesent St.', '08 68 68 27 65', 81, 17, 5),
(41, 'Breanna Hotel', 25, 5, 'Ap #481-500 Rutrum Rd.', '00 91 01 65 33', 36, 17, 1),
(42, 'Fleur Hotel', 74, 230, '4729 Donec Road', '1-431-511-6615', 127, 11, 2),
(43, 'Raphael Hotel', 20, 236, '437-112 Adipiscing Rd.', '1-884-589-8669', 76, 22, 3),
(44, 'Jennifer Hotel', 68, 15, 'Ap #133-5928 Risus Avenue', '1-366-124-1093', 113, 21, 0),
(45, 'Nehru Hotel', 77, 217, '542-5772 Leo, Rd.', '823-9571', 112, 7, 1),
(46, 'Samson Hotel', 24, 18, '828-7571 Elit, Street', '1-457-850-2565', 142, 8, 1),
(47, 'Eleanor Hotel', 70, 90, '503-2261 Fusce Ave', '1-370-333-0231', 61, 6, 5),
(48, 'Xaviera Hotel', 67, 97, '806-9651 Sit St.', '704-8516', 43, 24, 3),
(49, 'Tatyana Hotel', 22, 210, 'Ap #941-7383 Quam. Street', '1-658-429-7621', 43, 17, 2),
(50, 'Kaseem Hotel', 30, 162, '5324 Donec Ave', '1-321-765-3972', 48, 19, 2),
(51, 'Raya Hotel', 5, 98, 'Ap #476-1542 Natoque Road', '1-952-321-4427', 186, 16, 2),
(52, 'Ronan Hotel', 60, 25, 'P.O. Box 701, 348 Etiam St.', '622-8028', 157, 8, 1),
(53, 'Declan Hotel', 89, 63, '3217 Mollis St.', '04 56 38 31 18', 89, 7, 2),
(54, 'Ori Hotel', 27, 192, 'P.O. Box 111, 4099 Maecenas Ave', '401-9273', 164, 8, 4),
(55, 'Susan Hotel', 74, 126, '103-806 Et Rd.', '321-4541', 189, 16, 3),
(56, 'Emerson Hotel', 7, 218, 'P.O. Box 808, 4386 Risus. Road', '1-271-874-5881', 117, 8, 5),
(57, 'Courtney Hotel', 2, 132, '8935 Nullam Ave', '1-996-735-4283', 79, 11, 4),
(58, 'Fuller Hotel', 48, 93, 'Ap #377-4732 Vitae Avenue', '1-534-263-7819', 84, 8, 1),
(59, 'Harlan Hotel', 76, 69, '9587 Erat Street', '1-372-325-8595', 114, 16, 3),
(60, 'Ezra Hotel', 48, 194, 'Ap #165-8341 Eget Rd.', '214-4311', 140, 23, 1),
(61, 'Sopoline Hotel', 1, 76, '6413 Ac Rd.', '470-8061', 118, 7, 1),
(62, 'Kellie Hotel', 67, 158, '122-8589 Risus. Rd.', '1-423-135-3898', 148, 18, 4),
(63, 'Dominic Hotel', 47, 11, '1610 Mattis Rd.', '1-922-892-1281', 61, 20, 3),
(64, 'Declan Hotel', 78, 196, 'Ap #911-9430 Et, Avenue', '08 19 65 07 25', 123, 23, 5),
(65, 'Noelani Hotel', 57, 215, '557 Erat Street', '07 57 62 01 44', 82, 18, 5),
(66, 'Vance Hotel', 54, 222, '226-1688 Vulputate, Rd.', '08 11 72 14 89', 35, 11, 3),
(67, 'Ayanna Hotel', 16, 139, 'P.O. Box 575, 9812 At Av.', '236-0236', 199, 12, 0),
(68, 'Hope Hotel', 15, 243, '6537 Phasellus St.', '08 42 33 86 24', 43, 8, 3),
(69, 'Jaden Hotel', 8, 217, 'P.O. Box 489, 2435 Primis Street', '1-114-264-5115', 54, 10, 4),
(70, 'Tatum Hotel', 26, 61, '335-6988 Libero. Road', '02 17 67 18 28', 87, 21, 2),
(71, 'Derek Hotel', 75, 138, 'Ap #303-6139 Arcu. Rd.', '1-887-316-9858', 58, 8, 2),
(72, 'Baker Hotel', 60, 242, 'P.O. Box 918, 8136 Mollis St.', '1-242-323-5266', 82, 12, 3),
(73, 'Harrison Hotel', 32, 216, 'P.O. Box 249, 1418 Arcu. St.', '329-5489', 187, 20, 4),
(74, 'Iona Hotel', 7, 134, '245-1285 Libero. Avenue', '1-186-626-7322', 192, 12, 1),
(75, 'Jamal Hotel', 23, 122, '7298 Feugiat Road', '1-762-332-6272', 153, 10, 0),
(76, 'Kevin Hotel', 53, 72, '448-731 Consectetuer Avenue', '1-551-497-2281', 67, 25, 4),
(77, 'Sigourney Hotel', 62, 187, 'P.O. Box 885, 6440 Eget, Rd.', '489-4007', 187, 5, 3),
(78, 'Penelope Hotel', 50, 26, '693-7099 Nisl. Rd.', '1-551-883-4483', 35, 17, 5),
(79, 'Jamal Hotel', 86, 49, '557-9120 Neque Av.', '658-2343', 117, 11, 4),
(80, 'Tate Hotel', 68, 242, '3973 Facilisis Rd.', '1-886-842-0818', 32, 9, 4),
(81, 'Lacy Hotel', 26, 206, '488-6841 Metus. Avenue', '1-481-846-1417', 159, 7, 5),
(82, 'Alexandra Hotel', 13, 54, '3403 Nec Rd.', '285-7391', 43, 22, 4),
(83, 'Simone Hotel', 48, 157, '746-7420 Metus. St.', '1-524-527-8450', 150, 9, 2),
(84, 'Ethan Hotel', 50, 20, 'Ap #242-7587 Quisque St.', '1-163-219-6141', 64, 17, 1),
(85, 'Travis Hotel', 69, 64, '213-9362 Ultrices. St.', '01 21 45 41 77', 102, 19, 5),
(86, 'Owen Hotel', 90, 242, 'P.O. Box 330, 3885 Non Av.', '04 62 82 38 81', 78, 24, 4),
(87, 'Grant Hotel', 16, 128, '4926 Dolor Road', '05 18 84 05 02', 149, 11, 4),
(88, 'Noel Hotel', 52, 42, '3446 Ultrices Av.', '04 16 86 79 27', 32, 18, 4),
(89, 'Nayda Hotel', 62, 120, 'Ap #822-1467 Proin Rd.', '554-4083', 149, 19, 0),
(90, 'Ian Hotel', 39, 143, '650-5096 Lacus Road', '01 29 48 92 90', 36, 11, 0),
(91, 'Emma Hotel', 21, 173, 'Ap #475-6745 Libero St.', '1-459-831-6647', 117, 15, 4),
(92, 'Nichole Hotel', 74, 48, 'Ap #439-703 Non Avenue', '276-7142', 45, 20, 3),
(93, 'Nadine Hotel', 60, 121, '750-6489 Donec St.', '837-9172', 66, 18, 3),
(94, 'Clayton Hotel', 40, 92, '823-6816 Pellentesque Avenue', '615-5523', 42, 12, 1),
(95, 'Petra Hotel', 88, 104, 'Ap #310-2203 Curabitur Road', '1-923-375-7456', 46, 16, 3),
(96, 'Tucker Hotel', 42, 66, 'Ap #805-3120 Sed Avenue', '1-856-776-9123', 141, 21, 4),
(97, 'Ivory Hotel', 42, 56, 'P.O. Box 146, 9965 Mauris St.', '1-482-884-5491', 145, 7, 5),
(98, 'Lesley Hotel', 58, 244, '763-8677 Sed Street', '466-8196', 166, 13, 3),
(99, 'Quin Hotel', 13, 59, 'P.O. Box 764, 5975 Libero Road', '02 34 10 11 38', 92, 9, 4),
(100, 'Nathan Hotel', 12, 89, '195-1491 In, Avenue', '1-737-586-8808', 178, 15, 2),
(101, 'Daphne Hotel', 11, 65, '715-6708 Elit Avenue', '07 58 82 48 25', 44, 12, 2),
(102, 'Lavinia Hotel', 89, 76, 'Ap #248-5381 Aliquam St.', '1-461-931-1127', 125, 10, 0),
(103, 'Breanna Hotel', 64, 130, 'Ap #619-7247 Venenatis Rd.', '824-2474', 195, 22, 2),
(104, 'Bethany Hotel', 12, 36, '961-8294 Ipsum. Av.', '170-7579', 128, 21, 1),
(105, 'Castor Hotel', 51, 6, '5687 Elit Street', '545-3189', 96, 8, 2),
(106, 'Hollee Hotel', 35, 120, '742-1388 Eget Rd.', '04 87 57 77 52', 125, 24, 1),
(107, 'Selma Hotel', 51, 9, 'Ap #163-2901 Elit, Avenue', '1-755-967-7231', 33, 7, 0),
(108, 'Wallace Hotel', 52, 236, 'Ap #923-6550 Et St.', '1-144-512-6883', 75, 7, 0),
(109, 'John Hotel', 70, 126, '6636 Sit Rd.', '1-615-652-7572', 146, 8, 4),
(110, 'Kyle Hotel', 79, 129, 'Ap #843-3691 Nulla Rd.', '07 27 46 66 17', 38, 9, 3),
(111, 'Porter Hotel', 57, 156, '876-4565 Semper Av.', '05 37 89 63 62', 122, 13, 4),
(112, 'Adria Hotel', 70, 3, '7186 Mi. Avenue', '455-9338', 114, 23, 2),
(113, 'Dora Hotel', 41, 214, 'Ap #811-7862 Proin Road', '410-0714', 42, 7, 1),
(114, 'Rhiannon Hotel', 26, 246, '538 Tortor Ave', '1-867-449-2307', 143, 11, 3),
(115, 'Lesley Hotel', 84, 106, 'P.O. Box 669, 7674 Luctus Street', '05 41 27 83 69', 169, 12, 2),
(116, 'Alana Hotel', 32, 94, 'P.O. Box 863, 2145 Cursus Street', '668-1646', 48, 24, 2),
(117, 'Alden Hotel', 29, 132, 'Ap #149-7117 Lobortis Av.', '1-448-245-2126', 130, 9, 4),
(118, 'Stacey Hotel', 52, 190, 'Ap #331-4140 At, St.', '1-552-177-6152', 117, 14, 1),
(119, 'Kieran Hotel', 61, 111, 'Ap #555-6220 Volutpat St.', '1-184-767-2641', 126, 25, 3),
(120, 'Aaron Hotel', 8, 214, 'P.O. Box 626, 490 Mauris St.', '668-8924', 184, 14, 2),
(121, 'Thor Hotel', 78, 138, 'P.O. Box 647, 6852 Enim, St.', '177-8780', 55, 10, 1),
(122, 'Sylvia Hotel', 72, 38, '177-2441 At, St.', '1-661-793-7848', 97, 18, 2),
(123, 'Audrey Hotel', 7, 221, '6222 Eu Street', '763-7830', 186, 7, 1),
(124, 'Isadora Hotel', 8, 154, '396-7919 Arcu Av.', '1-603-427-4588', 62, 19, 1),
(125, 'Ray Hotel', 19, 227, 'Ap #477-3490 Tellus Avenue', '1-827-764-6008', 97, 24, 2),
(126, 'Martin Hotel', 24, 93, '486-3595 Eu Rd.', '08 57 16 45 88', 181, 9, 3),
(127, 'Roth Hotel', 54, 190, 'Ap #872-3322 Dignissim Av.', '256-4775', 90, 9, 2),
(128, 'Bell Hotel', 58, 72, '138-1852 Quisque St.', '1-195-572-5469', 129, 12, 2),
(129, 'Stacey Hotel', 54, 125, '396 In Road', '1-665-543-3564', 77, 11, 4),
(130, 'Kitra Hotel', 69, 222, 'Ap #819-8018 Eleifend St.', '416-0463', 104, 11, 4),
(131, 'MacKenzie Hotel', 11, 49, '4348 Consequat Rd.', '506-5637', 78, 5, 2),
(132, 'Kaseem Hotel', 34, 102, '743-1732 Integer St.', '08 16 83 94 24', 80, 24, 4),
(133, 'Jameson Hotel', 25, 209, 'Ap #169-5031 Cursus. Road', '1-187-538-3030', 66, 13, 5),
(134, 'Jacqueline Hotel', 84, 218, 'P.O. Box 284, 4945 Nulla Av.', '877-3726', 104, 13, 5),
(135, 'Tyler Hotel', 28, 136, 'P.O. Box 350, 6487 Leo St.', '418-4356', 129, 20, 2),
(136, 'Jessica Hotel', 66, 101, '9344 Risus Avenue', '751-0785', 78, 8, 3),
(137, 'Jonas Hotel', 13, 25, '654-2624 Bibendum. Street', '1-957-430-5585', 152, 10, 5),
(138, 'Aspen Hotel', 44, 146, '2548 A St.', '1-457-979-6831', 114, 21, 2),
(139, 'Joy Hotel', 64, 59, 'Ap #358-4169 Proin St.', '875-5711', 61, 21, 4),
(140, 'Roary Hotel', 62, 202, 'P.O. Box 746, 704 Eu Av.', '1-476-651-8314', 97, 7, 3),
(141, 'Ezekiel Hotel', 80, 141, 'Ap #666-5025 Sollicitudin Road', '04 42 13 85 61', 159, 21, 2),
(142, 'Grant Hotel', 89, 20, '936-8685 Imperdiet, Rd.', '1-737-898-4468', 136, 10, 3),
(143, 'Marsden Hotel', 41, 62, 'P.O. Box 635, 8209 Per St.', '1-987-831-7175', 137, 17, 1),
(144, 'Irene Hotel', 46, 43, 'Ap #734-325 Accumsan St.', '05 32 11 92 48', 45, 24, 3),
(145, 'Gwendolyn Hotel', 72, 243, '4486 Integer Avenue', '217-9856', 112, 16, 2),
(146, 'Igor Hotel', 89, 57, '9231 Lobortis Avenue', '08 85 41 22 71', 89, 22, 5),
(147, 'Emily Hotel', 31, 163, '6755 Eu Rd.', '502-5892', 189, 21, 3),
(148, 'Hollee Hotel', 50, 89, 'Ap #758-4102 Laoreet Avenue', '267-3376', 63, 5, 4),
(149, 'Dane Hotel', 10, 198, '708-4866 Urna. Rd.', '06 74 01 35 63', 141, 19, 4),
(150, 'Zachery Hotel', 60, 230, '399-487 Vehicula Ave', '577-6255', 108, 14, 2),
(151, 'Evan Hotel', 1, 232, 'Ap #930-3183 A Road', '887-4989', 112, 22, 0),
(152, 'Lev Hotel', 56, 89, 'Ap #642-1156 Ut Avenue', '466-4183', 92, 10, 2),
(153, 'Aaron Hotel', 23, 133, 'Ap #159-5508 Aenean Ave', '1-576-713-5899', 119, 13, 0),
(154, 'Kuame Hotel', 11, 99, 'Ap #182-7206 Suspendisse St.', '1-355-845-7757', 144, 18, 0),
(155, 'Sarah Hotel', 14, 103, 'P.O. Box 300, 9455 Lacus. Road', '05 12 58 34 20', 82, 18, 2),
(156, 'Plato Hotel', 74, 52, '389-3890 Adipiscing St.', '728-8744', 193, 20, 4),
(157, 'Geoffrey Hotel', 34, 30, '715-6723 Eget St.', '08 47 56 52 21', 76, 6, 4),
(158, 'Tucker Hotel', 78, 26, '405-8123 Vel, Av.', '1-629-268-5333', 131, 15, 1),
(159, 'Elaine Hotel', 67, 28, '385-4458 Interdum. Ave', '1-470-475-0920', 31, 17, 1),
(160, 'Charles Hotel', 70, 83, '140-8348 Luctus St.', '414-3852', 120, 14, 5),
(161, 'Zeus Hotel', 12, 199, 'Ap #853-119 Phasellus Rd.', '1-837-356-4218', 166, 12, 3),
(162, 'Colorado Hotel', 71, 240, 'Ap #491-2159 Aliquet Av.', '1-952-775-3162', 145, 17, 3),
(163, 'Ivana Hotel', 43, 44, 'P.O. Box 987, 4212 Praesent St.', '02 75 10 53 55', 87, 22, 0),
(164, 'Serina Hotel', 79, 216, '211-6134 Mi St.', '1-751-283-3941', 70, 10, 3),
(165, 'Phillip Hotel', 71, 163, 'Ap #555-2045 Phasellus Road', '1-628-461-5722', 45, 10, 1),
(166, 'Wing Hotel', 83, 30, '3956 Cras Rd.', '03 18 57 29 76', 135, 12, 0),
(167, 'Fiona Hotel', 85, 107, '210-4753 Iaculis, Street', '06 87 02 33 80', 44, 11, 0),
(168, 'Louis Hotel', 75, 136, '858 Fermentum Street', '02 64 75 32 41', 43, 5, 5),
(169, 'Emma Hotel', 47, 179, 'Ap #472-7897 Vitae, Avenue', '422-5373', 76, 7, 5),
(170, 'Galena Hotel', 52, 86, 'Ap #747-8252 Magna. Street', '315-2081', 111, 18, 3),
(171, 'Charde Hotel', 55, 80, '379-9901 Elit. Road', '971-8731', 60, 5, 1),
(172, 'Caesar Hotel', 18, 88, '317-3061 Aliquam St.', '1-331-260-9475', 195, 12, 0),
(173, 'Lydia Hotel', 86, 242, '1347 Augue Street', '1-433-727-4869', 54, 24, 0),
(174, 'Ariana Hotel', 44, 24, '3607 Felis. Avenue', '03 01 87 64 33', 82, 6, 2),
(175, 'Keelie Hotel', 53, 21, 'Ap #521-4657 Dis St.', '1-548-602-4723', 114, 14, 1),
(176, 'Peter Hotel', 54, 73, '956-9834 Elit Rd.', '1-333-748-5644', 189, 23, 0),
(177, 'Gloria Hotel', 3, 212, '3557 Vehicula St.', '821-1117', 154, 19, 1),
(178, 'Xavier Hotel', 60, 68, '406-6810 Ligula. Street', '1-756-233-6727', 95, 19, 4),
(179, 'Leslie Hotel', 18, 74, 'P.O. Box 105, 3759 Nam Road', '1-636-950-3672', 187, 12, 1),
(180, 'Selma Hotel', 76, 164, 'P.O. Box 107, 8519 Dui. St.', '08 40 65 15 32', 72, 18, 2),
(181, 'Liberty Hotel', 59, 34, '729-7457 Diam Street', '06 70 86 88 48', 144, 24, 2),
(182, 'Maisie Hotel', 3, 135, '7490 Molestie Av.', '08 85 34 45 32', 96, 11, 5),
(183, 'Jamal Hotel', 48, 53, '724-4105 Nec, Ave', '05 32 37 28 00', 158, 13, 1),
(184, 'Coby Hotel', 44, 100, 'Ap #835-1677 Augue Av.', '1-735-386-4211', 56, 25, 5),
(185, 'Kristen Hotel', 85, 208, 'P.O. Box 216, 9546 Mauris. Road', '638-5785', 76, 17, 5),
(186, 'Cruz Hotel', 25, 215, 'P.O. Box 964, 1470 Et, Avenue', '1-314-545-8443', 61, 11, 1),
(187, 'Prescott Hotel', 7, 23, 'Ap #993-5851 Tristique Street', '01 42 72 35 53', 140, 8, 1),
(188, 'Tanner Hotel', 23, 36, '6797 Sem. Rd.', '08 54 58 11 31', 122, 20, 1),
(189, 'Alisa Hotel', 43, 91, '755-596 Non, Rd.', '1-982-705-1186', 171, 22, 3),
(190, 'Sylvia Hotel', 49, 190, 'Ap #998-8219 Mollis Ave', '03 78 26 74 47', 89, 25, 3),
(191, 'Richard Hotel', 80, 212, '659-6315 Elit, Road', '565-3172', 129, 13, 5),
(192, 'Alice Hotel', 64, 200, '957-896 Lorem Rd.', '06 78 26 82 11', 150, 17, 4),
(193, 'Lillith Hotel', 20, 164, 'Ap #272-2853 A St.', '1-337-267-5144', 167, 9, 3),
(194, 'Zeph Hotel', 54, 186, '754-5967 Scelerisque Ave', '1-773-317-7568', 56, 24, 3),
(195, 'Quin Hotel', 18, 172, 'Ap #794-2606 Nunc St.', '1-372-352-1321', 121, 19, 4),
(196, 'Lara Hotel', 72, 59, '502-3059 Sed St.', '09 54 88 26 74', 146, 24, 4),
(197, 'Lisandra Hotel', 28, 218, '747-4514 Donec Av.', '1-638-786-1165', 44, 9, 4),
(198, 'Chaim Hotel', 66, 164, 'Ap #815-1195 Semper Rd.', '1-329-703-7831', 189, 18, 4),
(199, 'Keane Hotel', 7, 79, 'Ap #430-8795 Nulla Rd.', '1-296-672-8254', 142, 19, 4),
(200, 'Avram Hotel', 34, 109, '332-4922 Diam. Rd.', '841-7625', 105, 9, 1),
(201, 'Savannah Hotel', 69, 73, '727-4121 Augue Rd.', '652-4536', 152, 11, 3),
(202, 'Samson Hotel', 40, 71, 'P.O. Box 222, 3323 Ultricies St.', '1-493-775-6613', 183, 23, 0),
(203, 'Gary Hotel', 41, 39, 'Ap #411-3209 Non Road', '00 16 52 63 71', 47, 11, 3),
(204, 'Gwendolyn Hotel', 6, 14, '4357 A Rd.', '1-608-873-3880', 175, 20, 4),
(205, 'Harper Hotel', 7, 27, '7831 Lacus. Rd.', '584-1715', 79, 13, 4),
(206, 'Paloma Hotel', 80, 76, '293-4352 Eu Rd.', '339-0723', 63, 15, 4),
(207, 'Rhona Hotel', 72, 109, '898-2288 Dignissim Rd.', '09 54 76 38 65', 72, 18, 4),
(208, 'Cody Hotel', 30, 199, 'Ap #540-4944 Consectetuer Ave', '482-8283', 145, 20, 0),
(209, 'Colton Hotel', 77, 58, '714-1084 Facilisis Road', '01 25 10 73 72', 192, 13, 4),
(210, 'Hiroko Hotel', 15, 213, '380-485 Dui, St.', '1-558-418-8521', 107, 8, 3),
(211, 'Daryl Hotel', 58, 126, '4484 Dis St.', '1-910-805-1826', 170, 7, 3),
(212, 'Cathleen Hotel', 1, 176, '703-8992 Amet Street', '585-2650', 92, 16, 3),
(213, 'Yoshi Hotel', 74, 220, 'P.O. Box 259, 2996 Quis St.', '989-5253', 38, 10, 5),
(214, 'Alyssa Hotel', 50, 213, '776-2140 Leo. Av.', '317-3684', 64, 16, 5),
(215, 'Chaney Hotel', 30, 194, '105-9527 Et, Street', '1-774-274-1284', 80, 17, 4),
(216, 'Hall Hotel', 4, 147, 'Ap #363-3560 Arcu. Rd.', '441-1369', 84, 22, 0),
(217, 'Clio Hotel', 78, 114, '6869 Vestibulum Rd.', '1-276-226-5246', 41, 21, 2),
(218, 'Vaughan Hotel', 16, 90, '307-6225 Ac Rd.', '1-880-272-4916', 77, 15, 1),
(219, 'Mira Hotel', 87, 250, 'P.O. Box 823, 8466 Mus. Rd.', '818-6897', 152, 17, 3),
(220, 'Jared Hotel', 86, 16, '7266 Amet, Rd.', '08 44 65 74 55', 142, 6, 3),
(221, 'Rae Hotel', 71, 72, '9450 Erat Road', '1-686-250-4927', 151, 12, 5),
(222, 'Raven Hotel', 6, 72, 'P.O. Box 445, 1734 Consectetuer Avenue', '1-366-915-5457', 76, 7, 1),
(223, 'Alea Hotel', 15, 148, '812-412 A Rd.', '1-435-243-5442', 185, 7, 3),
(224, 'Lamar Hotel', 64, 129, 'Ap #480-3530 Duis Av.', '1-765-215-3075', 156, 21, 3),
(225, 'Brynne Hotel', 76, 150, '7926 Eu, Rd.', '01 23 81 34 31', 126, 8, 4),
(226, 'David Hotel', 47, 165, 'Ap #280-5485 Sem. St.', '1-661-192-0865', 71, 19, 1),
(227, 'Phelan Hotel', 5, 104, 'P.O. Box 269, 8194 Ac Avenue', '1-355-511-0750', 142, 11, 3),
(228, 'Orson Hotel', 10, 154, 'Ap #443-1811 Rhoncus Ave', '1-433-962-2271', 38, 9, 5),
(229, 'Claire Hotel', 42, 117, 'Ap #446-573 Dictum Av.', '566-4825', 145, 6, 3),
(230, 'Fulton Hotel', 19, 4, '6967 Duis Av.', '02 89 06 42 26', 57, 20, 1),
(231, 'Orli Hotel', 67, 221, 'P.O. Box 184, 1045 Magna. Rd.', '745-2574', 71, 19, 2),
(232, 'Guy Hotel', 39, 220, '842-4097 Mi Avenue', '03 69 96 57 75', 99, 12, 5),
(233, 'Adria Hotel', 27, 40, '7993 Pede. Rd.', '949-2652', 66, 24, 1),
(234, 'Ulric Hotel', 79, 95, 'P.O. Box 594, 2835 Sapien St.', '672-2688', 189, 15, 2),
(235, 'Nehru Hotel', 87, 39, 'Ap #156-5847 In, Avenue', '137-4156', 50, 16, 2),
(236, 'Cameran Hotel', 29, 5, '103-3830 Donec St.', '345-5875', 54, 21, 4),
(237, 'Oleg Hotel', 22, 181, '964-5101 Auctor Av.', '00 41 61 16 04', 127, 14, 5),
(238, 'Xander Hotel', 39, 196, 'Ap #909-4762 Lobortis Avenue', '04 42 68 61 69', 195, 5, 1),
(239, 'Ezra Hotel', 30, 70, 'Ap #209-4266 Sem Ave', '754-6386', 164, 11, 0),
(240, 'Laith Hotel', 42, 240, 'Ap #100-411 Sed Road', '1-211-639-8218', 79, 22, 1),
(241, 'Emerson Hotel', 70, 27, 'P.O. Box 880, 9539 Ac Avenue', '02 17 20 62 86', 92, 21, 4),
(242, 'Shelly Hotel', 15, 4, 'Ap #184-199 Iaculis Street', '08 13 55 03 45', 150, 7, 3),
(243, 'Robert Hotel', 9, 147, 'Ap #955-4257 Primis St.', '02 21 74 73 92', 116, 12, 4),
(244, 'Brenden Hotel', 25, 235, '358-2177 Dolor Rd.', '04 57 99 87 18', 174, 19, 2),
(245, 'Yasir Hotel', 73, 191, 'Ap #301-661 Sed Rd.', '05 80 25 65 88', 58, 14, 2),
(246, 'Kelsey Hotel', 57, 213, '1551 Vitae St.', '1-617-824-8887', 161, 13, 2),
(247, 'Jordan Hotel', 78, 121, '679-3904 Vitae St.', '486-8281', 133, 18, 4),
(248, 'Boris Hotel', 77, 201, 'Ap #877-1102 Id St.', '957-2552', 39, 25, 4),
(249, 'Yvette Hotel', 22, 109, '7046 Pretium Av.', '961-3791', 36, 17, 1),
(250, 'Rogan Hotel', 81, 61, 'P.O. Box 492, 3610 Eget St.', '1-652-917-0478', 151, 14, 4),
(251, 'Blake Hotel', 28, 105, '713 Nonummy Rd.', '1-596-543-8795', 86, 17, 2),
(252, 'Lane Hotel', 88, 140, 'Ap #248-7216 Nunc Rd.', '756-7385', 173, 17, 0),
(253, 'Petra Hotel', 77, 190, 'Ap #345-8791 Taciti Rd.', '01 55 24 11 12', 76, 12, 2),
(254, 'Malachi Hotel', 87, 71, '119-2362 Tortor Rd.', '794-1744', 55, 7, 4),
(255, 'Virginia Hotel', 55, 21, '974-534 Eu Rd.', '1-800-837-4212', 117, 8, 3),
(256, 'Jordan Hotel', 31, 59, 'Ap #457-7725 Nec, St.', '1-999-814-2142', 154, 15, 2),
(257, 'Kareem Hotel', 70, 179, '8567 Sit St.', '1-706-483-1165', 137, 13, 2),
(258, 'Gil Hotel', 78, 192, '9936 Ac St.', '1-896-383-3135', 190, 15, 3),
(259, 'Wayne Hotel', 48, 80, '624-5536 Felis Street', '632-1217', 89, 8, 5),
(260, 'Vivian Hotel', 73, 201, '789-5692 Nec Rd.', '1-231-420-6461', 166, 5, 3),
(261, 'Molly Hotel', 31, 142, 'Ap #301-7908 Donec Avenue', '898-0312', 111, 24, 4),
(262, 'Isabella Hotel', 3, 235, '901-5255 Eget Rd.', '04 83 61 77 66', 47, 22, 5),
(263, 'Winifred Hotel', 42, 12, 'Ap #677-6899 Ut Av.', '1-626-560-7685', 127, 9, 2),
(264, 'Christine Hotel', 80, 174, 'Ap #460-6479 Sodales Street', '05 41 87 50 46', 181, 21, 5),
(265, 'Conan Hotel', 17, 49, '477-2506 Primis St.', '479-7466', 43, 12, 1),
(266, 'Dustin Hotel', 72, 76, 'Ap #464-6451 Nunc Avenue', '07 58 84 65 39', 109, 13, 4),
(267, 'Catherine Hotel', 51, 23, 'Ap #744-5361 Tristique Road', '767-3355', 76, 9, 3),
(268, 'Bertha Hotel', 14, 201, 'Ap #855-706 Tempor Ave', '07 44 41 42 74', 91, 7, 4),
(269, 'Stacey Hotel', 32, 201, '169-8250 Eget Street', '03 18 32 82 64', 145, 25, 3),
(270, 'Howard Hotel', 73, 39, 'Ap #239-3415 Ullamcorper St.', '05 25 84 12 75', 42, 9, 4),
(271, 'Drake Hotel', 37, 10, 'P.O. Box 995, 3972 Cursus Av.', '225-3491', 121, 11, 4),
(272, 'Jonah Hotel', 48, 99, 'P.O. Box 210, 6626 Cursus Street', '03 79 26 85 03', 159, 22, 3),
(273, 'Candace Hotel', 40, 178, '4773 Ornare Avenue', '1-537-232-6117', 145, 12, 3),
(274, 'Victor Hotel', 20, 120, '9424 Nec Road', '365-2278', 159, 12, 2),
(275, 'Kirk Hotel', 26, 108, '682-327 Donec St.', '294-1081', 125, 13, 4),
(276, 'Dorian Hotel', 42, 31, '511-7114 Aliquet. St.', '347-6971', 197, 12, 0),
(277, 'Dieter Hotel', 57, 133, '441-1276 Ut Street', '06 31 25 49 94', 169, 7, 2),
(278, 'Rhoda Hotel', 18, 49, '724-1567 Natoque St.', '03 78 18 15 85', 61, 13, 4),
(279, 'Rooney Hotel', 61, 81, 'P.O. Box 994, 9589 Tempor Rd.', '07 68 89 27 55', 97, 22, 4),
(280, 'Ulla Hotel', 42, 221, 'Ap #933-8714 Dolor Avenue', '02 84 34 70 24', 182, 24, 4),
(281, 'Kyra Hotel', 75, 166, '2318 Diam Rd.', '1-584-568-4627', 70, 15, 5),
(282, 'Salvador Hotel', 29, 21, 'Ap #190-9022 Nec Avenue', '177-3255', 75, 13, 2),
(283, 'Dara Hotel', 75, 166, 'Ap #263-9743 Morbi Avenue', '06 32 25 06 34', 109, 21, 4),
(284, 'Reuben Hotel', 3, 80, 'P.O. Box 478, 6304 Semper Ave', '757-4888', 100, 10, 3),
(285, 'Kelly Hotel', 30, 169, 'Ap #378-497 Accumsan St.', '05 35 22 31 32', 129, 15, 3),
(286, 'Merrill Hotel', 25, 81, 'Ap #351-5863 Aliquam Ave', '781-0421', 175, 14, 2),
(287, 'Denise Hotel', 60, 199, '444-7468 Condimentum. Rd.', '02 10 16 76 48', 124, 17, 4),
(288, 'Leslie Hotel', 69, 219, '231-8529 Tincidunt Ave', '05 21 81 13 40', 124, 15, 4),
(289, 'Gregory Hotel', 9, 122, 'Ap #198-9985 Eleifend Ave', '738-3265', 190, 11, 1),
(290, 'Xander Hotel', 30, 1, '3371 Lacus. Rd.', '1-319-228-5522', 159, 15, 3),
(291, 'Brady Hotel', 53, 221, '840-6079 Elit, Rd.', '640-3890', 38, 9, 1),
(292, 'Maisie Hotel', 75, 221, '482-7446 Ligula St.', '1-701-451-7759', 164, 21, 3),
(293, 'Mary Hotel', 78, 65, '8786 Tortor Avenue', '241-5377', 192, 10, 4),
(294, 'Jarrod Hotel', 62, 103, 'P.O. Box 517, 5899 Vestibulum, St.', '1-502-342-1411', 136, 8, 3),
(295, 'Alvin Hotel', 28, 200, 'Ap #551-7862 Non Street', '01 50 03 71 56', 79, 15, 0),
(296, 'Slade Hotel', 75, 19, 'Ap #268-4476 Nec, Street', '654-4166', 121, 5, 0),
(297, 'Callum Hotel', 31, 130, '9053 Lobortis, Rd.', '04 09 34 64 22', 188, 21, 2),
(298, 'Hedley Hotel', 87, 72, '740-5711 Ac Road', '1-665-788-7362', 131, 22, 2),
(299, 'Lawrence Hotel', 1, 218, '9819 Non Street', '1-863-862-5731', 88, 11, 3),
(300, 'Clarke Hotel', 23, 158, 'Ap #649-5401 Cras St.', '955-1678', 187, 12, 5),
(301, 'Alec Hotel', 69, 221, 'Ap #997-2195 Porttitor Rd.', '1-669-864-7811', 179, 24, 2),
(302, 'Kai Hotel', 81, 194, '6345 Egestas Ave', '846-1127', 151, 11, 2),
(303, 'Chaney Hotel', 42, 55, '814-7578 Rhoncus Road', '01 55 45 63 25', 76, 5, 1),
(304, 'Abigail Hotel', 58, 165, 'Ap #246-6981 Vulputate Street', '361-3356', 132, 20, 4),
(305, 'Mariam Hotel', 42, 201, '712-3646 Ultricies Rd.', '576-2883', 79, 12, 4),
(306, 'Andrew Hotel', 71, 21, '221-5182 Sociosqu St.', '1-727-861-1132', 172, 12, 0),
(307, 'Dahlia Hotel', 4, 163, 'Ap #804-3644 Dolor Street', '03 42 34 19 54', 98, 16, 5),
(308, 'Maggy Hotel', 21, 67, 'Ap #820-3559 Tortor, Rd.', '1-821-664-1024', 171, 23, 2),
(309, 'Forrest Hotel', 55, 71, '213-6508 Phasellus Rd.', '02 21 76 39 03', 44, 9, 2),
(310, 'Debra Hotel', 45, 143, '843-7664 Molestie Road', '1-734-844-4289', 67, 11, 3),
(311, 'Allistair Hotel', 7, 225, 'Ap #345-8971 Donec Road', '674-4821', 147, 19, 1),
(312, 'Colton Hotel', 77, 110, '887-1062 Ipsum. St.', '1-519-807-6959', 144, 5, 4),
(313, 'Alana Hotel', 72, 19, 'P.O. Box 964, 4731 Facilisis St.', '874-6312', 97, 7, 3),
(314, 'Myles Hotel', 70, 109, 'Ap #703-2657 At, Rd.', '1-409-441-4608', 184, 20, 4),
(315, 'Chancellor Hotel', 62, 231, 'P.O. Box 263, 5853 Libero. Rd.', '1-718-752-5828', 151, 7, 3),
(316, 'Jacqueline Hotel', 89, 26, 'Ap #922-3185 Morbi Rd.', '851-1208', 65, 21, 3),
(317, 'Adam Hotel', 64, 207, '2799 Habitant St.', '00 07 51 61 15', 141, 12, 0),
(318, 'Stella Hotel', 31, 61, '744-9980 Rhoncus St.', '1-582-335-7221', 182, 12, 3),
(319, 'Allegra Hotel', 53, 168, '626-3981 Iaculis St.', '1-581-613-9431', 33, 11, 5),
(320, 'Velma Hotel', 64, 145, '328-2708 Odio, Av.', '657-9253', 176, 14, 0),
(321, 'Thane Hotel', 16, 194, '443-1274 Vitae Road', '08 46 30 74 46', 113, 17, 4),
(322, 'Dorothy Hotel', 85, 59, 'P.O. Box 788, 8706 At Street', '1-283-267-3855', 128, 6, 4),
(323, 'Kalia Hotel', 89, 53, 'Ap #122-1675 Iaculis Street', '567-9557', 126, 8, 4),
(324, 'Chava Hotel', 53, 152, '347-9642 Duis Rd.', '00 41 54 34 45', 152, 12, 0),
(325, 'Tyler Hotel', 66, 98, '156 Semper. Rd.', '436-8992', 97, 9, 4),
(326, 'Andrew Hotel', 60, 78, '995-8823 Nibh Street', '1-624-246-2670', 83, 23, 1),
(327, 'Amity Hotel', 31, 239, 'Ap #181-9970 Vulputate, Avenue', '07 15 23 21 33', 195, 8, 2),
(328, 'Amethyst Hotel', 29, 116, '544-5409 Laoreet Av.', '00 97 63 22 30', 111, 25, 2),
(329, 'Carolyn Hotel', 31, 223, '981-709 Magnis Rd.', '1-508-753-4366', 185, 6, 5),
(330, 'Logan Hotel', 31, 222, '1257 Proin Rd.', '451-2636', 102, 16, 1),
(331, 'Harlan Hotel', 82, 108, 'Ap #571-4993 Velit Road', '1-265-832-3921', 71, 10, 2),
(332, 'Zachery Hotel', 65, 215, 'P.O. Box 700, 1239 Donec Ave', '01 76 63 34 72', 53, 19, 4),
(333, 'Zahir Hotel', 64, 218, 'P.O. Box 465, 932 Dictum Street', '1-794-944-2252', 96, 24, 4),
(334, 'Dominic Hotel', 7, 178, '711-5737 Dolor. Road', '728-2885', 78, 18, 4),
(335, 'Beau Hotel', 54, 96, 'Ap #745-3624 Tincidunt, St.', '08 59 91 44 81', 108, 10, 3),
(336, 'Maia Hotel', 75, 61, '658-944 Leo. St.', '767-4445', 158, 20, 3),
(337, 'Oliver Hotel', 62, 161, '426-3891 Sed Rd.', '1-181-646-3512', 161, 11, 3),
(338, 'Zephania Hotel', 24, 192, '160-4183 Dolor St.', '431-3323', 87, 15, 3),
(339, 'Carla Hotel', 59, 239, 'Ap #317-2372 Tincidunt. St.', '07 77 51 29 84', 143, 14, 2),
(340, 'Autumn Hotel', 76, 104, 'P.O. Box 593, 9204 Lacus Av.', '459-6241', 52, 20, 2),
(341, 'Aaron Hotel', 69, 144, 'Ap #103-599 Elit Avenue', '01 52 53 31 05', 91, 13, 1),
(342, 'Kiona Hotel', 42, 56, 'P.O. Box 318, 7527 Sociosqu St.', '07 72 28 35 94', 56, 5, 3),
(343, 'Maia Hotel', 13, 7, '143-6838 Consectetuer Street', '05 44 46 51 84', 101, 7, 1),
(344, 'Idola Hotel', 4, 145, 'P.O. Box 637, 8845 A Street', '1-899-837-1520', 75, 18, 3),
(345, 'Xavier Hotel', 21, 156, '296 Nec, Rd.', '1-525-321-8809', 200, 19, 3),
(346, 'September Hotel', 63, 79, 'Ap #228-752 Nibh Street', '01 75 13 62 37', 56, 8, 2),
(347, 'Ferris Hotel', 70, 157, 'P.O. Box 665, 9257 Amet Avenue', '1-627-953-1722', 174, 21, 0),
(348, 'Olivia Hotel', 1, 32, 'Ap #162-3779 Luctus Rd.', '1-585-727-3518', 109, 22, 3),
(349, 'Leo Hotel', 48, 31, 'Ap #506-403 Odio St.', '05 18 85 19 73', 146, 10, 3),
(350, 'Keegan Hotel', 54, 219, '149-7477 Ut Rd.', '01 74 79 81 08', 48, 25, 0),
(351, 'Galena Hotel', 48, 61, '8372 Fringilla Ave', '02 27 78 25 41', 181, 19, 2),
(352, 'Nicole Hotel', 61, 94, 'Ap #148-7124 Est St.', '04 68 75 88 36', 34, 6, 5),
(353, 'Kerry Hotel', 78, 221, 'P.O. Box 260, 8890 Accumsan Av.', '260-3398', 115, 13, 3),
(354, 'Quemby Hotel', 77, 143, '620-7655 Arcu Rd.', '04 08 27 51 42', 80, 7, 2),
(355, 'Marny Hotel', 54, 56, '139-1594 Nulla. St.', '00 67 38 07 18', 182, 16, 2),
(356, 'Wilma Hotel', 77, 72, '251-4840 Pretium Road', '864-8329', 101, 24, 0),
(357, 'Fuller Hotel', 4, 219, 'Ap #719-8018 Metus Road', '06 43 12 12 83', 150, 10, 1),
(358, 'Carl Hotel', 18, 123, '497-9218 Euismod Avenue', '490-3711', 178, 17, 1),
(359, 'Prescott Hotel', 7, 71, '8939 Blandit Avenue', '1-551-711-0871', 194, 23, 4),
(360, 'Ursula Hotel', 55, 166, '745-3446 Lorem, St.', '04 48 08 67 91', 57, 18, 4),
(361, 'Amena Hotel', 75, 71, '800-1469 Fusce Street', '853-8382', 109, 6, 2),
(362, 'Imani Hotel', 53, 239, 'Ap #715-7465 Eu, Ave', '128-1736', 147, 22, 4),
(363, 'Fiona Hotel', 10, 158, 'P.O. Box 947, 6618 Mauris St.', '04 52 13 67 56', 189, 6, 3),
(364, 'Colorado Hotel', 43, 66, '940-7143 Tincidunt. Street', '554-0389', 132, 7, 4),
(365, 'Igor Hotel', 10, 2, 'Ap #103-3064 Ac Ave', '1-237-782-5375', 36, 24, 4),
(366, 'Emmanuel Hotel', 20, 215, 'Ap #214-9840 Augue Street', '1-517-255-8679', 107, 18, 3),
(367, 'Megan Hotel', 22, 117, 'Ap #155-2624 Volutpat Rd.', '1-699-773-1041', 162, 9, 2),
(368, 'Kelly Hotel', 54, 69, 'Ap #759-2318 Lectus Street', '04 25 66 97 15', 56, 21, 4),
(369, 'Aristotle Hotel', 8, 188, '529 Molestie St.', '02 76 12 71 47', 42, 19, 4),
(370, 'Madonna Hotel', 14, 218, '543-2850 Aenean Street', '01 73 31 67 23', 160, 18, 3),
(371, 'Quintessa Hotel', 76, 2, 'Ap #414-895 Gravida Avenue', '1-211-710-5572', 84, 5, 4),
(372, 'Dolan Hotel', 69, 87, '888-8285 Sed Ave', '788-3849', 64, 23, 1),
(373, 'Nichole Hotel', 85, 37, 'P.O. Box 692, 1176 Iaculis St.', '1-587-428-3960', 35, 11, 1),
(374, 'Jana Hotel', 18, 69, 'Ap #199-1448 Semper Av.', '02 35 94 30 76', 98, 15, 4),
(375, 'Aphrodite Hotel', 24, 13, 'Ap #844-1328 Odio. Av.', '09 81 73 46 46', 161, 23, 3),
(376, 'Penelope Hotel', 59, 3, 'Ap #594-5848 Libero Road', '1-106-265-2166', 114, 11, 0),
(377, 'Nerea Hotel', 58, 135, '455-260 Suspendisse Av.', '714-1892', 176, 19, 1),
(378, 'Darryl Hotel', 75, 70, 'Ap #656-1984 Magna. Street', '716-5576', 158, 16, 4),
(379, 'Galvin Hotel', 30, 83, 'P.O. Box 739, 8570 Donec Ave', '01 91 54 92 58', 36, 12, 3),
(380, 'Callie Hotel', 54, 55, 'P.O. Box 526, 6785 Ut Road', '08 74 64 39 07', 195, 8, 3),
(381, 'Charlotte Hotel', 46, 115, '842-7696 Scelerisque St.', '1-319-584-7587', 180, 8, 2),
(382, 'Irene Hotel', 49, 32, '623-765 Luctus St.', '02 49 71 33 43', 150, 13, 1),
(383, 'Denton Hotel', 78, 164, 'Ap #783-8517 Arcu. Ave', '05 83 70 18 96', 149, 18, 0),
(384, 'Portia Hotel', 72, 48, 'Ap #245-8444 Ante Avenue', '675-8202', 71, 7, 3),
(385, 'Quynn Hotel', 55, 30, '9985 Dolor Avenue', '07 98 41 21 87', 178, 13, 0),
(386, 'Athena Hotel', 31, 216, 'P.O. Box 134, 9399 Eget Rd.', '1-819-228-7362', 183, 16, 0),
(387, 'Nita Hotel', 6, 31, '607-4012 Augue. Av.', '1-994-657-1810', 33, 17, 0),
(388, 'Hayley Hotel', 17, 189, '899-5458 Integer Ave', '714-0458', 57, 16, 4),
(389, 'Abbot Hotel', 14, 79, 'Ap #291-4635 Non, Ave', '1-386-991-4921', 81, 8, 1),
(390, 'Autumn Hotel', 80, 59, '314-8023 Etiam Av.', '825-9184', 151, 23, 4),
(391, 'Drew Hotel', 2, 172, '9284 Ac Rd.', '09 91 52 45 22', 63, 23, 1),
(392, 'Martina Hotel', 20, 226, 'Ap #105-9321 Tincidunt Road', '588-6883', 58, 13, 3),
(393, 'Stacy Hotel', 20, 79, '128-9864 Tortor. Street', '04 26 27 75 64', 101, 7, 5),
(394, 'Darrel Hotel', 89, 25, '8661 Amet, St.', '284-7034', 62, 17, 1),
(395, 'Thor Hotel', 62, 208, 'Ap #937-7306 A Av.', '423-7165', 88, 5, 4),
(396, 'Zenaida Hotel', 15, 174, 'P.O. Box 368, 5539 At Rd.', '1-717-569-7273', 39, 10, 2),
(397, 'Jeremy Hotel', 42, 202, 'P.O. Box 307, 8242 Egestas Av.', '1-622-318-5146', 132, 5, 2),
(398, 'Dominique Hotel', 49, 123, '4580 Commodo Street', '1-386-317-2451', 123, 15, 4),
(399, 'Kevin Hotel', 43, 104, 'Ap #273-731 Vulputate St.', '07 16 78 38 17', 106, 9, 1),
(400, 'Tucker Hotel', 40, 239, 'Ap #524-3353 Varius St.', '01 03 78 73 42', 42, 11, 1),
(401, 'Kermit Hotel', 78, 45, 'Ap #501-4050 Eros Rd.', '01 56 30 17 56', 96, 14, 2),
(402, 'Dane Hotel', 35, 114, '957-2892 Duis St.', '1-237-741-8896', 76, 23, 2),
(403, 'Reece Hotel', 8, 31, 'Ap #559-4276 Nec Av.', '1-853-306-6898', 161, 18, 3),
(404, 'Gannon Hotel', 59, 232, '5700 Nec Rd.', '548-9685', 110, 19, 4),
(405, 'Sopoline Hotel', 81, 172, 'Ap #525-5468 Elit. Avenue', '1-738-377-8477', 195, 21, 3),
(406, 'Daquan Hotel', 7, 90, '863-517 Enim Ave', '364-2373', 141, 8, 3),
(407, 'Reagan Hotel', 56, 21, 'Ap #542-5745 Tempor Road', '1-554-588-6342', 115, 15, 5),
(408, 'Daniel Hotel', 26, 158, '939-9751 Vulputate, St.', '358-7085', 149, 8, 0),
(409, 'Aaron Hotel', 9, 200, '516-684 Facilisis Street', '1-562-712-6383', 160, 17, 0),
(410, 'Jasper Hotel', 25, 126, 'Ap #618-2664 Inceptos Ave', '352-6219', 112, 7, 1),
(411, 'Grace Hotel', 40, 221, 'Ap #550-6805 Sed St.', '1-493-149-4455', 120, 12, 5),
(412, 'Roary Hotel', 51, 207, '403-3364 Augue Rd.', '08 44 50 53 85', 73, 21, 2),
(413, 'Dominique Hotel', 47, 34, 'P.O. Box 332, 7636 Nulla Rd.', '818-4345', 46, 14, 3),
(414, 'Neve Hotel', 52, 209, '6819 Placerat, Road', '02 51 23 61 68', 167, 15, 3),
(415, 'Joseph Hotel', 7, 110, '548-5548 Tempor Av.', '03 65 57 52 65', 38, 15, 2),
(416, 'India Hotel', 42, 129, '424-2023 Ultrices, Rd.', '970-4104', 148, 11, 2),
(417, 'Jamalia Hotel', 87, 116, 'P.O. Box 578, 2370 Vulputate, Av.', '03 24 35 19 24', 50, 22, 4),
(418, 'Melvin Hotel', 41, 117, '357-3908 Faucibus Street', '1-346-469-5631', 89, 9, 3),
(419, 'Lance Hotel', 72, 203, '873-2133 Ut Road', '08 66 33 49 26', 113, 12, 3),
(420, 'Gregory Hotel', 33, 155, '8773 Lorem St.', '1-507-584-1694', 154, 5, 4),
(421, 'Kasimir Hotel', 88, 177, '777-3998 Donec Street', '422-5228', 141, 19, 3),
(422, 'Laura Hotel', 46, 166, 'P.O. Box 263, 7356 Ligula. St.', '280-6349', 132, 8, 4),
(423, 'Ali Hotel', 82, 240, 'P.O. Box 279, 8152 A Road', '08 42 68 28 06', 101, 6, 2),
(424, 'Benedict Hotel', 84, 172, 'Ap #130-8779 Ipsum Avenue', '1-262-913-0802', 148, 9, 3),
(425, 'Clare Hotel', 4, 242, '296-4103 Dui Street', '886-0255', 161, 10, 2),
(426, 'Cullen Hotel', 64, 243, '7718 Vulputate Av.', '06 08 27 07 60', 71, 14, 0),
(427, 'Abel Hotel', 9, 43, 'Ap #703-3619 Adipiscing Avenue', '754-7943', 158, 9, 3),
(428, 'Sylvester Hotel', 76, 50, 'Ap #394-6815 Nonummy Ave', '318-6311', 158, 20, 3),
(429, 'Mohammad Hotel', 62, 153, 'Ap #735-5540 Dolor Road', '1-333-802-1435', 110, 17, 4),
(430, 'Damon Hotel', 23, 112, '200-9208 Elit, Avenue', '01 66 24 26 31', 137, 10, 3),
(431, 'Austin Hotel', 44, 29, 'P.O. Box 776, 4222 Tempus Ave', '293-4584', 135, 8, 3),
(432, 'Kiayada Hotel', 49, 171, 'Ap #150-7890 Pellentesque Av.', '826-2988', 97, 24, 4),
(433, 'Hadassah Hotel', 89, 124, '649-6786 Quisque Road', '03 53 05 83 24', 130, 15, 1),
(434, 'Demetria Hotel', 71, 11, 'Ap #442-7849 Eget Rd.', '508-3124', 182, 19, 4),
(435, 'Yetta Hotel', 83, 140, 'P.O. Box 773, 3032 Ac, Avenue', '520-1574', 89, 18, 0),
(436, 'Paki Hotel', 34, 65, 'P.O. Box 864, 8410 Dui Av.', '1-282-853-7404', 130, 11, 4),
(437, 'Sylvia Hotel', 9, 108, '681-5054 Phasellus Avenue', '1-616-215-2444', 185, 23, 1),
(438, 'Ivy Hotel', 23, 216, 'Ap #675-2206 Vitae Road', '732-5518', 85, 19, 4),
(439, 'Portia Hotel', 26, 183, 'P.O. Box 755, 4987 Ut, St.', '1-602-839-1957', 137, 14, 1),
(440, 'Brennan Hotel', 56, 53, 'P.O. Box 782, 2786 Metus St.', '01 87 62 37 26', 157, 21, 5),
(441, 'Tiger Hotel', 8, 175, 'Ap #334-9692 Phasellus St.', '00 10 88 65 95', 168, 16, 0),
(442, 'Lacy Hotel', 1, 164, '252-8929 Fusce Road', '05 46 88 41 81', 129, 14, 2),
(443, 'Guinevere Hotel', 30, 95, '8996 Ac Street', '1-616-585-1155', 136, 17, 1),
(444, 'Cody Hotel', 56, 32, 'P.O. Box 105, 4935 Tempus, Street', '01 75 85 99 73', 85, 24, 5),
(445, 'Lysandra Hotel', 30, 207, '776 Vestibulum. Rd.', '00 15 23 82 26', 85, 22, 0),
(446, 'Dahlia Hotel', 88, 64, '206-635 Nisi Avenue', '00 75 88 23 55', 83, 13, 4),
(447, 'Remedios Hotel', 16, 225, '543-174 Tellus Av.', '630-6805', 194, 12, 3),
(448, 'Porter Hotel', 81, 69, 'P.O. Box 979, 2174 Rhoncus. Avenue', '872-6779', 103, 15, 1),
(449, 'Beck Hotel', 54, 39, 'Ap #988-6620 Et, Street', '1-771-165-5750', 70, 22, 5),
(450, 'Ursula Hotel', 19, 182, 'Ap #209-8402 Consequat Street', '05 55 56 88 50', 87, 5, 4),
(451, 'Armando Hotel', 26, 236, 'Ap #550-3582 Risus. Rd.', '1-564-794-1300', 180, 13, 1),
(452, 'Halla Hotel', 55, 86, 'Ap #421-3125 Imperdiet Road', '1-372-558-7544', 183, 16, 2),
(453, 'Mira Hotel', 88, 157, '943-8674 Suspendisse Av.', '03 72 54 65 10', 42, 14, 5),
(454, 'Orlando Hotel', 90, 128, 'Ap #156-3469 Volutpat. Rd.', '1-593-728-3831', 59, 20, 2),
(455, 'Jenette Hotel', 52, 156, '999-2033 Pede Road', '1-115-604-2558', 84, 25, 3),
(456, 'Cara Hotel', 58, 37, 'P.O. Box 157, 6584 Vel Avenue', '1-347-323-3743', 180, 21, 4),
(457, 'Mara Hotel', 76, 127, 'Ap #725-5428 Pharetra. Avenue', '846-4928', 187, 22, 3),
(458, 'Illiana Hotel', 37, 217, 'Ap #201-1837 Quam, Ave', '08 60 32 90 77', 73, 10, 5),
(459, 'Brielle Hotel', 84, 73, 'Ap #411-2920 Sed Road', '1-487-771-5247', 58, 11, 0),
(460, 'Hakeem Hotel', 89, 208, '433-7278 Enim St.', '873-7461', 150, 11, 2),
(461, 'Warren Hotel', 63, 245, '9014 Eu Street', '1-821-321-6975', 139, 11, 0),
(462, 'Levi Hotel', 8, 23, 'Ap #376-9546 Eget Street', '02 33 14 63 30', 183, 20, 3),
(463, 'Bert Hotel', 39, 192, 'P.O. Box 390, 2605 Nibh. Ave', '1-158-765-4343', 118, 23, 5),
(464, 'Kellie Hotel', 12, 63, 'Ap #842-1753 In Av.', '433-4211', 63, 24, 2),
(465, 'Ali Hotel', 76, 87, 'P.O. Box 906, 1105 Mauris Road', '02 60 53 17 71', 122, 6, 5),
(466, 'Emery Hotel', 67, 84, '7894 Turpis St.', '256-2103', 142, 7, 3),
(467, 'Jayme Hotel', 65, 170, 'Ap #825-204 Quisque Rd.', '1-593-228-8104', 47, 7, 5),
(468, 'Renee Hotel', 81, 102, '965-5760 Etiam Road', '425-4876', 74, 8, 4),
(469, 'Dustin Hotel', 11, 126, 'P.O. Box 589, 5589 Non Rd.', '216-3393', 178, 12, 3),
(470, 'Marcia Hotel', 53, 181, '9888 Sit Rd.', '525-7298', 35, 8, 3),
(471, 'Lacy Hotel', 38, 197, 'Ap #912-4919 Tincidunt. Av.', '646-9803', 135, 24, 2),
(472, 'Timothy Hotel', 31, 162, '6537 Lorem Rd.', '1-617-665-1625', 43, 8, 1),
(473, 'Medge Hotel', 37, 104, 'Ap #341-7266 Aliquam Av.', '127-2976', 65, 25, 1),
(474, 'Ann Hotel', 43, 192, '4730 Vitae Avenue', '1-313-468-3096', 164, 13, 0),
(475, 'Garrett Hotel', 2, 228, '5503 Urna Avenue', '07 45 23 32 20', 184, 8, 4),
(476, 'Oren Hotel', 10, 141, '439-9973 A, Rd.', '404-4423', 144, 19, 2),
(477, 'Nora Hotel', 25, 232, '3338 Sed Av.', '04 24 86 46 37', 177, 18, 4),
(478, 'Felicia Hotel', 85, 139, 'Ap #964-7369 Posuere St.', '1-856-216-1969', 62, 25, 2),
(479, 'Clio Hotel', 17, 108, 'P.O. Box 973, 8302 Vitae Ave', '186-7711', 159, 20, 4),
(480, 'Brielle Hotel', 62, 136, '528-4976 Et St.', '1-778-523-5332', 122, 20, 2),
(481, 'Odessa Hotel', 43, 197, 'Ap #323-8614 Mi Av.', '1-141-511-7664', 169, 18, 4),
(482, 'Zeus Hotel', 32, 176, 'P.O. Box 658, 9858 Aliquam Street', '1-292-476-6588', 125, 6, 3),
(483, 'Alan Hotel', 59, 129, 'Ap #250-8835 Non Ave', '662-8657', 57, 22, 4),
(484, 'Tate Hotel', 57, 199, '9758 A Rd.', '1-488-507-8443', 88, 8, 5),
(485, 'Hyacinth Hotel', 51, 46, '1350 Cursus St.', '544-6363', 47, 20, 1),
(486, 'Zenaida Hotel', 88, 106, 'Ap #678-7493 Neque. Rd.', '583-2488', 135, 18, 4),
(487, 'Owen Hotel', 2, 177, 'Ap #320-3101 Vitae Avenue', '824-2189', 184, 22, 2),
(488, 'Xanthus Hotel', 32, 53, '7120 Dui. Street', '773-8018', 120, 12, 3),
(489, 'Aquila Hotel', 59, 88, 'Ap #134-8862 Phasellus Av.', '03 65 72 44 47', 60, 8, 3),
(490, 'Chaim Hotel', 69, 203, 'Ap #864-4749 Et Ave', '1-872-440-8194', 137, 14, 4),
(491, 'Tyler Hotel', 49, 143, '817-4507 Pellentesque Rd.', '1-678-918-3142', 160, 23, 4),
(492, 'Nomlanga Hotel', 53, 64, 'Ap #228-9628 Fames St.', '09 46 71 07 59', 92, 21, 4),
(493, 'Daria Hotel', 80, 87, '369-2355 Odio St.', '767-0713', 128, 16, 4),
(494, 'Andrew Hotel', 16, 135, 'Ap #660-1986 Purus St.', '09 33 51 39 56', 57, 9, 1),
(495, 'Malcolm Hotel', 38, 113, 'Ap #228-7414 Neque. St.', '08 46 73 26 11', 60, 6, 3),
(496, 'Karen Hotel', 46, 176, '876-9855 Consectetuer Rd.', '1-746-282-8633', 32, 10, 4),
(497, 'Noelani Hotel', 14, 18, '1056 Arcu St.', '06 21 84 62 38', 95, 19, 3),
(498, 'Allen Hotel', 4, 91, 'Ap #805-681 Vitae Rd.', '330-5339', 52, 22, 4),
(499, 'Alden Hotel', 36, 136, '6631 Nibh Rd.', '1-567-991-5360', 171, 19, 4),
(500, 'Cain Hotel', 85, 171, 'Ap #804-9382 Ipsum. St.', '00 31 16 73 10', 110, 18, 1);

-- --------------------------------------------------------

--
-- Doublure de structure pour la vue `listvol`
-- (Voir ci-dessous la vue réelle)
--
DROP VIEW IF EXISTS `listvol`;
CREATE TABLE IF NOT EXISTS `listvol` (
`date` date
,`heure_dep` time
,`heure_arr` time
,`nom_aeroport` varchar(100)
,`nom` varchar(100)
);

-- --------------------------------------------------------

--
-- Structure de la table `modele`
--

DROP TABLE IF EXISTS `modele`;
CREATE TABLE IF NOT EXISTS `modele` (
  `id_modele` int NOT NULL AUTO_INCREMENT,
  `nom` varchar(100) NOT NULL,
  PRIMARY KEY (`id_modele`)
) ENGINE=InnoDB AUTO_INCREMENT=26 DEFAULT CHARSET=utf8mb4 COLLATE=utf8mb4_0900_ai_ci;

--
-- Déchargement des données de la table `modele`
--

INSERT INTO `modele` (`id_modele`, `nom`) VALUES
(1, 'A128'),
(2, 'A045'),
(3, 'A632'),
(4, 'A134'),
(5, 'A497'),
(6, 'A763'),
(7, 'A116'),
(8, 'A317'),
(9, 'A485'),
(10, 'A618'),
(11, 'A836'),
(12, 'A116'),
(13, 'A018'),
(14, 'A885'),
(15, 'A528'),
(16, 'A112'),
(17, 'A883'),
(18, 'A245'),
(19, 'A272'),
(20, 'A108'),
(21, 'A538'),
(22, 'A789'),
(23, 'A416'),
(24, 'A525'),
(25, 'A452');

-- --------------------------------------------------------

--
-- Structure de la table `pays`
--

DROP TABLE IF EXISTS `pays`;
CREATE TABLE IF NOT EXISTS `pays` (
  `id_pays` int NOT NULL AUTO_INCREMENT,
  `nom` varchar(100) NOT NULL,
  PRIMARY KEY (`id_pays`)
) ENGINE=InnoDB AUTO_INCREMENT=91 DEFAULT CHARSET=utf8mb4 COLLATE=utf8mb4_0900_ai_ci;

--
-- Déchargement des données de la table `pays`
--

INSERT INTO `pays` (`id_pays`, `nom`) VALUES
(1, 'Sweden'),
(2, 'Sweden'),
(3, 'Turkey'),
(4, 'Italy'),
(5, 'Indonesia'),
(6, 'Brazil'),
(7, 'Mexico'),
(8, 'Italy'),
(9, 'Brazil'),
(10, 'Canada'),
(11, 'United Kingdom'),
(12, 'Ireland'),
(13, 'South Korea'),
(14, 'Singapore'),
(15, 'South Africa'),
(16, 'France'),
(17, 'India'),
(18, 'Australia'),
(19, 'New Zealand'),
(20, 'Mexico'),
(21, 'Mexico'),
(22, 'Peru'),
(23, 'United States'),
(24, 'Austria'),
(25, 'Turkey'),
(26, 'Peru'),
(27, 'United States'),
(28, 'France'),
(29, 'Brazil'),
(30, 'Norway'),
(31, 'Canada'),
(32, 'Ireland'),
(33, 'Costa Rica'),
(34, 'South Africa'),
(35, 'Nigeria'),
(36, 'Chile'),
(37, 'Ireland'),
(38, 'South Africa'),
(39, 'India'),
(40, 'Colombia'),
(41, 'Germany'),
(42, 'Australia'),
(43, 'United States'),
(44, 'Indonesia'),
(45, 'Canada'),
(46, 'Australia'),
(47, 'United Kingdom'),
(48, 'Mexico'),
(49, 'South Africa'),
(50, 'Philippines'),
(51, 'Canada'),
(52, 'Nigeria'),
(53, 'Russian Federation'),
(54, 'Italy'),
(55, 'South Korea'),
(56, 'Brazil'),
(57, 'Germany'),
(58, 'Mexico'),
(59, 'France'),
(60, 'South Korea'),
(61, 'Nigeria'),
(62, 'Russian Federation'),
(63, 'Indonesia'),
(64, 'Germany'),
(65, 'Pakistan'),
(66, 'Russian Federation'),
(67, 'Colombia'),
(68, 'Spain'),
(69, 'Poland'),
(70, 'Netherlands'),
(71, 'Peru'),
(72, 'Indonesia'),
(73, 'Mexico'),
(74, 'Austria'),
(75, 'Pakistan'),
(76, 'France'),
(77, 'Sweden'),
(78, 'Philippines'),
(79, 'Singapore'),
(80, 'Russian Federation'),
(81, 'South Korea'),
(82, 'Chile'),
(83, 'Vietnam'),
(84, 'Indonesia'),
(85, 'United Kingdom'),
(86, 'India'),
(87, 'United Kingdom'),
(88, 'China'),
(89, 'Belgium'),
(90, 'South Korea');

-- --------------------------------------------------------

--
-- Structure de la table `reservation`
--

DROP TABLE IF EXISTS `reservation`;
CREATE TABLE IF NOT EXISTS `reservation` (
  `ref_user` int NOT NULL,
  `ref_hotel` int NOT NULL,
  `prix` float NOT NULL,
  `date` date NOT NULL,
  `nbr_jour` int NOT NULL,
  PRIMARY KEY (`ref_user`,`ref_hotel`),
  KEY `fk_reservation_hotel` (`ref_hotel`)
) ENGINE=InnoDB DEFAULT CHARSET=utf8mb4 COLLATE=utf8mb4_0900_ai_ci;

--
-- Déchargement des données de la table `reservation`
--

INSERT INTO `reservation` (`ref_user`, `ref_hotel`, `prix`, `date`, `nbr_jour`) VALUES
(7, 316, 679, '2023-08-08', 1),
(8, 241, 70, '2024-12-31', 1),
(9, 443, 661, '2024-02-14', 1),
(10, 197, 317, '2024-02-24', 1),
(11, 470, 245, '2024-01-03', 1),
(12, 132, 281, '2024-01-14', 1),
(12, 182, 970, '2025-02-04', 1),
(12, 231, 791, '2024-08-13', 1),
(12, 419, 190, '2023-05-21', 1),
(15, 104, 961, '2023-09-01', 1),
(15, 215, 97, '2025-03-01', 1),
(17, 219, 273, '2023-08-13', 1),
(17, 254, 627, '2023-09-28', 1),
(18, 396, 841, '2024-11-08', 1),
(19, 430, 644, '2024-11-23', 1),
(21, 28, 593, '2024-06-24', 1),
(22, 235, 68, '2024-01-22', 1),
(24, 297, 325, '2023-09-12', 1),
(24, 375, 242, '2024-04-05', 1),
(26, 498, 543, '2025-01-21', 1),
(28, 349, 545, '2023-12-06', 1),
(28, 407, 498, '2024-06-20', 1),
(30, 119, 460, '2024-01-16', 1),
(32, 36, 498, '2023-11-19', 1),
(32, 136, 493, '2024-03-09', 1),
(33, 260, 365, '2024-09-27', 1),
(34, 392, 201, '2024-06-04', 1),
(36, 34, 183, '2023-07-20', 1),
(36, 140, 68, '2023-12-02', 1),
(36, 202, 920, '2025-03-14', 1),
(37, 39, 124, '2023-07-22', 1),
(39, 38, 75, '2024-11-10', 1),
(39, 97, 453, '2024-10-17', 1),
(39, 412, 712, '2024-03-05', 1),
(40, 172, 672, '2025-03-15', 1),
(41, 208, 551, '2023-07-17', 1),
(45, 274, 267, '2023-09-10', 1),
(46, 355, 470, '2023-07-30', 1),
(46, 437, 586, '2024-02-20', 1),
(47, 78, 503, '2024-06-03', 1),
(47, 389, 825, '2024-02-07', 1),
(47, 486, 731, '2024-11-28', 1),
(48, 304, 796, '2024-01-26', 1),
(49, 361, 520, '2024-01-18', 1),
(51, 34, 611, '2023-06-14', 1),
(51, 107, 605, '2024-08-08', 1),
(51, 283, 452, '2024-12-13', 1),
(54, 124, 541, '2024-06-10', 1),
(54, 443, 902, '2024-05-19', 1),
(55, 359, 57, '2024-03-13', 1),
(56, 130, 827, '2024-11-29', 1),
(56, 273, 486, '2024-08-05', 1),
(56, 274, 784, '2025-02-11', 1),
(56, 416, 158, '2023-10-14', 1),
(57, 38, 902, '2023-05-12', 1),
(58, 146, 41, '2024-07-05', 1),
(58, 266, 610, '2024-04-21', 1),
(58, 415, 488, '2024-03-13', 1),
(59, 163, 849, '2023-07-03', 1),
(60, 189, 142, '2024-09-19', 1),
(60, 303, 465, '2024-11-26', 1),
(61, 128, 204, '2024-05-19', 1),
(61, 477, 261, '2024-01-24', 1),
(63, 418, 814, '2024-07-31', 1),
(64, 127, 674, '2023-12-09', 1),
(65, 114, 272, '2025-01-14', 1),
(65, 396, 425, '2024-09-05', 1),
(67, 418, 855, '2024-11-28', 1),
(67, 443, 706, '2025-02-15', 1),
(68, 246, 193, '2024-08-01', 1),
(68, 488, 628, '2024-11-29', 1),
(69, 294, 733, '2024-07-20', 1),
(71, 93, 128, '2024-10-01', 1),
(72, 90, 869, '2024-02-04', 1),
(72, 412, 845, '2024-02-07', 1),
(74, 385, 706, '2024-11-11', 1),
(74, 414, 668, '2024-11-24', 1),
(76, 4, 344, '2023-10-23', 1),
(76, 138, 160, '2024-06-27', 1),
(76, 243, 190, '2024-07-18', 1),
(77, 104, 126, '2023-08-07', 1),
(79, 385, 732, '2023-07-25', 1),
(80, 154, 647, '2025-01-23', 1),
(81, 132, 761, '2024-03-25', 1),
(81, 307, 308, '2024-08-10', 1),
(82, 222, 277, '2023-11-19', 1),
(83, 414, 955, '2024-01-17', 1),
(84, 349, 679, '2024-02-24', 1),
(88, 378, 200, '2024-04-26', 1),
(90, 434, 254, '2024-10-26', 1),
(91, 173, 686, '2024-07-24', 1),
(91, 334, 332, '2023-05-30', 1),
(92, 264, 938, '2024-04-23', 1),
(92, 286, 547, '2023-10-03', 1),
(94, 126, 962, '2023-07-25', 1),
(97, 248, 589, '2024-02-06', 1),
(99, 91, 151, '2025-01-18', 1),
(100, 86, 102, '2023-08-23', 1),
(100, 328, 336, '2024-04-24', 1),
(102, 310, 912, '2025-02-03', 1),
(102, 496, 779, '2024-10-12', 1),
(103, 104, 973, '2024-07-16', 1),
(103, 150, 706, '2024-12-17', 1),
(103, 316, 261, '2024-10-29', 1),
(104, 317, 67, '2024-07-09', 1),
(105, 337, 313, '2024-03-25', 1),
(106, 61, 326, '2024-09-10', 1),
(106, 354, 855, '2023-08-28', 1),
(108, 138, 979, '2023-05-05', 1),
(110, 115, 385, '2023-06-26', 1),
(110, 268, 254, '2024-06-24', 1),
(112, 103, 736, '2023-09-28', 1),
(114, 157, 270, '2024-06-01', 1),
(114, 406, 325, '2024-02-22', 1),
(116, 160, 444, '2024-02-26', 1),
(116, 363, 929, '2024-04-24', 1),
(116, 496, 990, '2023-06-05', 1),
(117, 243, 973, '2024-11-09', 1),
(119, 35, 557, '2024-04-13', 1),
(119, 234, 304, '2024-10-11', 1),
(119, 397, 630, '2023-12-21', 1),
(119, 414, 490, '2025-01-31', 1),
(122, 147, 280, '2024-12-01', 1),
(123, 364, 905, '2023-12-16', 1),
(124, 157, 405, '2024-01-20', 1),
(125, 77, 518, '2023-12-08', 1),
(126, 201, 402, '2024-01-18', 1),
(127, 355, 110, '2024-07-23', 1),
(129, 258, 516, '2025-01-04', 1),
(132, 111, 786, '2023-06-03', 1),
(133, 138, 637, '2025-03-05', 1),
(133, 139, 956, '2023-10-17', 1),
(133, 365, 545, '2024-08-09', 1),
(134, 346, 64, '2024-07-22', 1),
(135, 22, 559, '2025-02-14', 1),
(135, 451, 392, '2023-05-05', 1),
(136, 413, 448, '2024-08-10', 1),
(137, 227, 613, '2024-09-18', 1),
(140, 420, 521, '2024-03-15', 1),
(144, 449, 688, '2024-11-22', 1),
(146, 121, 142, '2025-03-06', 1),
(147, 49, 716, '2023-09-03', 1),
(148, 255, 813, '2023-11-04', 1),
(149, 346, 541, '2025-02-01', 1),
(150, 5, 851, '2024-12-21', 1),
(150, 31, 672, '2023-04-15', 1),
(152, 258, 365, '2024-10-11', 1),
(152, 367, 225, '2025-03-05', 1),
(154, 221, 822, '2024-04-17', 1),
(154, 252, 450, '2024-01-14', 1),
(154, 490, 47, '2023-06-19', 1),
(155, 217, 489, '2023-04-22', 1),
(155, 313, 919, '2024-10-28', 1),
(157, 225, 709, '2025-02-27', 1),
(157, 322, 825, '2024-02-27', 1),
(158, 262, 748, '2023-04-27', 1),
(159, 425, 158, '2025-01-13', 1),
(160, 334, 689, '2025-02-08', 1),
(160, 357, 778, '2023-11-13', 1),
(161, 268, 586, '2024-07-21', 1),
(162, 408, 157, '2024-09-05', 1),
(163, 395, 876, '2023-11-02', 1),
(164, 84, 168, '2025-03-10', 1),
(164, 303, 266, '2024-12-26', 1),
(165, 120, 536, '2024-08-11', 1),
(166, 81, 231, '2023-04-29', 1),
(166, 417, 821, '2023-04-21', 1),
(169, 9, 684, '2023-10-10', 1),
(172, 170, 567, '2024-02-04', 1),
(172, 290, 509, '2023-05-15', 1),
(173, 416, 982, '2024-01-14', 1),
(178, 413, 862, '2023-04-19', 1),
(179, 30, 843, '2024-04-06', 1),
(179, 142, 806, '2024-04-06', 1),
(180, 372, 701, '2024-11-18', 1),
(181, 385, 483, '2023-12-13', 1),
(183, 404, 524, '2024-12-15', 1),
(187, 367, 182, '2023-04-12', 1),
(188, 81, 192, '2024-09-20', 1),
(188, 182, 513, '2024-06-22', 1),
(189, 360, 776, '2023-10-03', 1),
(191, 431, 816, '2024-10-11', 1),
(192, 50, 744, '2023-10-05', 1),
(192, 359, 75, '2023-03-26', 1),
(192, 429, 220, '2024-06-15', 1),
(193, 250, 551, '2024-07-13', 1),
(193, 436, 800, '2023-04-08', 1),
(196, 15, 535, '2023-11-09', 1),
(197, 59, 549, '2023-04-03', 1),
(200, 159, 262, '2024-03-01', 1),
(201, 353, 173, '2024-03-08', 1),
(202, 316, 679, '2024-02-06', 1),
(205, 469, 139, '2023-09-18', 1),
(206, 148, 434, '2024-10-31', 1),
(206, 325, 886, '2023-04-21', 1),
(207, 199, 573, '2024-03-25', 1),
(207, 469, 759, '2023-07-26', 1),
(208, 27, 646, '2023-04-01', 1),
(208, 364, 626, '2024-08-28', 1),
(208, 435, 114, '2024-05-06', 1),
(211, 299, 805, '2024-04-10', 1),
(212, 321, 778, '2024-01-15', 1),
(213, 86, 964, '2024-04-26', 1),
(214, 56, 325, '2024-01-01', 1),
(214, 454, 175, '2023-09-12', 1),
(216, 68, 734, '2023-05-16', 1),
(217, 261, 89, '2024-08-08', 1),
(219, 16, 523, '2024-02-25', 1),
(220, 404, 627, '2024-02-19', 1),
(223, 430, 246, '2023-03-27', 1),
(224, 343, 414, '2025-03-08', 1),
(228, 452, 580, '2023-11-05', 1),
(229, 215, 640, '2023-05-19', 1),
(230, 247, 746, '2024-05-17', 1),
(231, 27, 657, '2024-06-07', 1),
(231, 351, 218, '2023-09-02', 1),
(236, 186, 312, '2023-09-29', 1),
(237, 367, 235, '2025-01-28', 1),
(237, 458, 793, '2024-09-03', 1),
(238, 323, 641, '2024-01-24', 1),
(238, 362, 894, '2025-01-29', 1),
(240, 21, 431, '2023-08-30', 1),
(242, 141, 333, '2023-11-29', 1),
(242, 251, 449, '2023-11-20', 1),
(242, 499, 696, '2025-02-23', 1),
(243, 103, 768, '2024-01-29', 1),
(243, 110, 833, '2024-04-09', 1),
(243, 304, 686, '2024-11-02', 1),
(244, 385, 461, '2024-02-11', 1),
(246, 268, 375, '2024-12-07', 1),
(251, 394, 782, '2025-03-05', 1),
(251, 471, 592, '2023-05-04', 1),
(252, 167, 601, '2024-08-10', 1),
(253, 21, 293, '2024-01-06', 1),
(253, 134, 143, '2023-06-25', 1),
(255, 279, 567, '2024-03-23', 1),
(255, 424, 703, '2024-01-31', 1),
(259, 41, 322, '2024-11-29', 1),
(259, 216, 191, '2024-07-22', 1),
(259, 493, 565, '2023-03-24', 1),
(261, 74, 588, '2024-08-29', 1),
(262, 153, 820, '2024-05-04', 1),
(263, 273, 782, '2024-11-17', 1),
(264, 158, 168, '2023-08-19', 1),
(264, 393, 480, '2025-02-05', 1),
(265, 101, 313, '2024-06-22', 1),
(266, 87, 114, '2024-12-07', 1),
(267, 35, 323, '2024-08-16', 1),
(268, 227, 939, '2023-07-02', 1),
(268, 408, 480, '2025-02-12', 1),
(268, 430, 575, '2024-12-16', 1),
(270, 178, 181, '2024-10-18', 1),
(271, 77, 365, '2024-06-24', 1),
(274, 332, 216, '2023-12-13', 1),
(276, 32, 367, '2023-11-29', 1),
(279, 177, 840, '2023-08-26', 1),
(282, 47, 972, '2023-10-14', 1),
(282, 165, 49, '2024-05-20', 1),
(284, 28, 562, '2024-11-22', 1),
(284, 498, 46, '2024-10-21', 1),
(285, 85, 431, '2023-10-19', 1),
(285, 152, 341, '2024-11-16', 1),
(285, 244, 282, '2023-11-08', 1),
(285, 246, 763, '2023-09-30', 1),
(285, 366, 142, '2024-01-30', 1),
(286, 109, 861, '2024-04-28', 1),
(287, 174, 217, '2024-01-26', 1),
(288, 271, 982, '2024-01-17', 1),
(289, 310, 447, '2024-03-06', 1),
(292, 29, 334, '2023-07-14', 1),
(292, 243, 510, '2024-02-07', 1),
(293, 51, 597, '2024-05-28', 1),
(294, 58, 729, '2023-04-15', 1),
(295, 60, 623, '2023-03-27', 1),
(296, 336, 762, '2024-11-24', 1),
(297, 194, 797, '2024-06-20', 1),
(297, 295, 616, '2024-03-28', 1),
(299, 384, 736, '2023-05-29', 1),
(300, 97, 548, '2023-06-07', 1),
(300, 269, 959, '2024-02-02', 1),
(303, 94, 353, '2025-01-13', 1),
(304, 160, 914, '2024-04-12', 1),
(304, 256, 768, '2023-11-01', 1),
(304, 319, 653, '2024-09-26', 1),
(305, 144, 467, '2024-07-20', 1),
(305, 243, 396, '2024-06-17', 1),
(306, 77, 991, '2023-09-26', 7),
(306, 323, 63, '2023-10-25', 1),
(306, 328, 665, '2024-09-25', 1),
(307, 56, 474, '2024-12-31', 1),
(307, 172, 797, '2023-12-18', 1),
(307, 377, 230, '2024-05-23', 1),
(308, 260, 870, '2024-09-03', 1),
(310, 345, 545, '2024-11-19', 1),
(312, 375, 624, '2024-11-24', 1),
(314, 393, 414, '2023-07-05', 1),
(314, 449, 209, '2024-11-07', 1),
(315, 194, 937, '2024-07-03', 1),
(319, 101, 65, '2023-11-24', 1),
(322, 242, 601, '2023-07-25', 1),
(324, 135, 726, '2024-07-06', 1),
(325, 315, 395, '2024-09-15', 1),
(326, 98, 331, '2024-05-26', 1),
(327, 412, 843, '2024-03-05', 1),
(327, 472, 156, '2023-04-11', 1),
(328, 337, 832, '2025-03-24', 1),
(330, 127, 274, '2023-05-09', 1),
(330, 190, 980, '2024-05-26', 1),
(332, 257, 327, '2024-04-10', 1),
(332, 456, 709, '2024-03-16', 1),
(333, 78, 584, '2024-11-21', 1),
(333, 393, 104, '2024-07-23', 1),
(333, 472, 72, '2024-09-17', 1),
(335, 147, 620, '2025-01-29', 1),
(335, 174, 633, '2024-12-20', 1),
(335, 484, 450, '2024-09-03', 1),
(336, 5, 450, '2024-06-15', 1),
(337, 62, 146, '2024-12-28', 1),
(339, 164, 289, '2024-07-04', 1),
(339, 185, 441, '2023-04-23', 1),
(339, 451, 429, '2023-11-26', 1),
(340, 157, 398, '2023-06-01', 1),
(341, 419, 478, '2024-02-19', 1),
(342, 409, 867, '2023-04-24', 1),
(345, 136, 912, '2024-12-13', 1),
(346, 80, 339, '2024-10-23', 1),
(346, 201, 534, '2024-06-17', 1),
(348, 25, 314, '2023-12-01', 1),
(348, 417, 230, '2023-08-10', 1),
(349, 107, 910, '2023-09-18', 1),
(350, 59, 178, '2024-09-29', 1),
(352, 201, 767, '2024-11-01', 1),
(352, 435, 502, '2024-11-12', 1),
(353, 4, 949, '2024-05-28', 1),
(354, 99, 169, '2024-02-20', 1),
(354, 242, 828, '2023-04-18', 1),
(354, 373, 737, '2024-11-12', 1),
(356, 394, 608, '2024-01-27', 1),
(357, 188, 501, '2024-11-19', 1),
(358, 370, 217, '2023-04-08', 1),
(359, 370, 184, '2023-08-15', 1),
(360, 139, 290, '2024-02-13', 1),
(363, 498, 521, '2023-05-14', 1),
(364, 398, 685, '2024-11-25', 1),
(368, 262, 701, '2024-10-26', 1),
(368, 437, 476, '2025-03-04', 1),
(370, 149, 78, '2024-02-14', 1),
(370, 177, 573, '2023-08-11', 1),
(371, 186, 84, '2024-02-16', 1),
(372, 164, 852, '2023-09-17', 1),
(373, 267, 269, '2023-06-24', 1),
(374, 2, 954, '2023-08-27', 1),
(375, 30, 423, '2023-12-26', 1),
(375, 153, 704, '2024-02-09', 1),
(379, 376, 580, '2024-04-29', 1),
(379, 478, 726, '2023-06-25', 1),
(380, 372, 424, '2025-01-11', 1),
(382, 91, 703, '2025-02-21', 1),
(384, 177, 43, '2024-11-20', 1),
(385, 62, 230, '2023-06-14', 1),
(385, 432, 938, '2024-12-04', 1),
(387, 55, 406, '2024-09-25', 1),
(389, 191, 120, '2024-05-26', 1),
(391, 353, 727, '2023-04-04', 1),
(392, 128, 236, '2024-01-22', 1),
(392, 165, 43, '2023-07-23', 1),
(393, 94, 463, '2025-02-22', 1),
(393, 343, 417, '2024-10-18', 1),
(394, 218, 261, '2023-12-28', 1),
(394, 267, 705, '2023-07-04', 1),
(394, 428, 539, '2024-11-18', 1),
(396, 408, 257, '2025-01-09', 1),
(397, 259, 895, '2023-11-29', 1),
(398, 165, 388, '2023-09-01', 1),
(398, 469, 435, '2023-11-14', 1),
(399, 70, 757, '2023-06-14', 1),
(400, 203, 718, '2024-03-02', 1),
(400, 264, 108, '2023-07-28', 1),
(400, 280, 794, '2024-09-02', 1),
(402, 5, 184, '2025-01-02', 1),
(403, 299, 427, '2023-09-28', 1),
(403, 318, 799, '2024-12-17', 1),
(405, 267, 318, '2024-01-10', 1),
(406, 57, 752, '2023-04-25', 1),
(406, 488, 863, '2023-11-09', 1),
(407, 109, 562, '2024-03-28', 1),
(407, 272, 168, '2025-03-10', 1),
(407, 391, 481, '2025-02-04', 1),
(409, 16, 510, '2023-07-04', 1),
(409, 369, 604, '2024-10-09', 1),
(409, 402, 166, '2023-07-03', 1),
(410, 420, 104, '2025-03-17', 1),
(411, 66, 749, '2024-08-12', 1),
(412, 361, 341, '2024-07-21', 1),
(414, 24, 246, '2024-08-15', 1),
(415, 102, 443, '2025-02-17', 1),
(418, 171, 583, '2024-03-23', 1),
(420, 55, 363, '2024-10-23', 1),
(423, 97, 350, '2024-05-04', 1),
(423, 239, 892, '2024-07-23', 1),
(424, 94, 393, '2023-07-22', 1),
(424, 433, 733, '2023-10-22', 1),
(426, 145, 947, '2023-05-06', 1),
(426, 207, 913, '2023-10-04', 1),
(427, 47, 556, '2024-03-20', 1),
(427, 140, 893, '2024-10-08', 1),
(431, 77, 715, '2025-01-14', 1),
(432, 57, 340, '2025-03-13', 1),
(433, 71, 191, '2024-03-28', 1),
(433, 328, 224, '2024-07-27', 1),
(433, 480, 582, '2023-09-25', 1),
(434, 441, 833, '2023-07-27', 1),
(436, 17, 576, '2023-10-26', 1),
(436, 195, 575, '2023-12-04', 1),
(436, 296, 754, '2023-10-12', 1),
(437, 284, 454, '2023-05-21', 1),
(438, 270, 758, '2025-01-09', 1),
(440, 207, 873, '2024-01-31', 1),
(440, 325, 544, '2024-04-05', 1),
(441, 200, 236, '2023-08-05', 1),
(442, 171, 200, '2024-05-13', 1),
(444, 454, 899, '2024-05-11', 1),
(445, 29, 472, '2025-02-12', 1),
(445, 56, 775, '2024-01-30', 1),
(445, 392, 340, '2023-04-27', 1),
(446, 284, 461, '2024-04-09', 1),
(447, 17, 518, '2024-10-22', 1),
(447, 397, 111, '2024-04-22', 1),
(449, 90, 865, '2024-12-12', 1),
(449, 276, 245, '2024-04-20', 1),
(449, 461, 621, '2025-02-16', 1),
(450, 17, 215, '2023-10-17', 1),
(450, 452, 335, '2024-10-03', 1),
(452, 57, 662, '2023-09-30', 1),
(452, 243, 784, '2023-05-15', 1),
(452, 290, 823, '2023-05-27', 1),
(453, 18, 512, '2025-02-16', 1),
(454, 214, 216, '2024-05-11', 1),
(455, 50, 662, '2024-12-05', 1),
(455, 202, 868, '2025-01-26', 1),
(455, 433, 571, '2024-09-11', 1),
(456, 303, 318, '2023-05-24', 1),
(456, 319, 820, '2024-03-16', 1),
(456, 341, 205, '2023-11-20', 1),
(460, 229, 221, '2024-08-31', 1),
(460, 336, 785, '2024-02-27', 1),
(462, 115, 407, '2024-06-08', 1),
(462, 382, 737, '2025-03-01', 1),
(464, 116, 359, '2023-10-19', 1),
(464, 367, 722, '2024-08-05', 1),
(464, 456, 519, '2024-12-09', 1),
(465, 493, 593, '2023-11-20', 1),
(466, 85, 763, '2025-03-18', 1),
(466, 228, 394, '2023-11-09', 1),
(466, 311, 629, '2023-10-09', 1),
(466, 481, 244, '2024-03-24', 1),
(468, 18, 399, '2024-11-03', 1),
(468, 390, 991, '2023-12-19', 1),
(470, 93, 336, '2023-04-01', 1),
(470, 172, 410, '2023-08-16', 1),
(470, 215, 238, '2024-10-11', 1),
(471, 229, 270, '2024-04-07', 1),
(472, 74, 764, '2023-10-11', 1),
(474, 214, 73, '2023-08-25', 1),
(475, 225, 415, '2023-05-17', 1),
(475, 456, 745, '2023-05-13', 1),
(478, 418, 950, '2023-08-18', 1),
(482, 455, 523, '2023-08-10', 1),
(484, 226, 109, '2024-10-27', 1),
(485, 89, 682, '2023-05-10', 1),
(485, 163, 944, '2024-08-03', 1),
(486, 127, 661, '2023-10-19', 1),
(487, 446, 289, '2024-06-25', 1),
(488, 219, 116, '2023-04-22', 1),
(489, 210, 339, '2024-03-10', 1),
(489, 220, 150, '2024-01-17', 1),
(489, 359, 77, '2023-06-12', 1),
(492, 199, 602, '2024-01-25', 1),
(492, 222, 266, '2025-03-08', 1),
(493, 148, 79, '2024-08-10', 1),
(494, 272, 75, '2024-05-01', 1),
(495, 12, 791, '2023-09-20', 1),
(495, 446, 642, '2023-09-07', 1),
(496, 158, 577, '2023-12-13', 1),
(496, 330, 203, '2024-08-21', 1),
(496, 388, 94, '2023-10-15', 1),
(497, 195, 76, '2024-04-14', 1),
(497, 273, 364, '2024-12-13', 1),
(497, 340, 213, '2023-11-23', 1),
(498, 250, 751, '2024-06-12', 1),
(499, 148, 621, '2024-09-07', 1),
(500, 172, 787, '2024-12-10', 1),
(502, 160, 826, '2024-11-06', 1),
(502, 257, 740, '2023-07-13', 1),
(502, 403, 207, '2025-02-09', 1),
(503, 446, 443, '2023-04-23', 1),
(504, 187, 820, '2025-03-20', 1),
(504, 212, 690, '2023-08-02', 1),
(504, 252, 532, '2023-11-09', 1),
(505, 59, 452, '2024-02-07', 1);

-- --------------------------------------------------------

--
-- Structure de la table `user`
--

DROP TABLE IF EXISTS `user`;
CREATE TABLE IF NOT EXISTS `user` (
  `id_user` int NOT NULL AUTO_INCREMENT,
  `nom` varchar(100) NOT NULL,
  `prenom` varchar(100) NOT NULL,
  `mail` varchar(150) NOT NULL,
  `mdp` varchar(200) NOT NULL,
  `date` date NOT NULL,
  `ville` varchar(100) NOT NULL,
  `ref_fonction` int NOT NULL DEFAULT '1',
  `ref_compagnie` int DEFAULT NULL,
  PRIMARY KEY (`id_user`),
  KEY `fk_user_companie` (`ref_compagnie`),
  KEY `fk_user_fonction` (`ref_fonction`)
) ENGINE=InnoDB AUTO_INCREMENT=507 DEFAULT CHARSET=utf8mb4 COLLATE=utf8mb4_0900_ai_ci;

--
-- Déchargement des données de la table `user`
--

INSERT INTO `user` (`id_user`, `nom`, `prenom`, `mail`, `mdp`, `date`, `ville`, `ref_fonction`, `ref_compagnie`) VALUES
(1, 'ROHEE', 'Alexis', 'Hdidogs.pro@gmail.com', '$2y$10$wP/o6uwMBW9LaoU30uMss.dcT73jSr4.OZkDMgk5yJBte9xe4/U.i', '2004-12-24', 'DOMONT', 1, NULL),
(5, 'ROHEE', 'Alexis', 'A.ROHEE@lprs.fr', '$2y$10$P8CyrND0foNbvakDaAjygOJCl3BpAEKqGRFwY7ijgxjWjl60QAlZi', '2004-12-24', 'DOMONT', 1, NULL),
(6, 'Franklin', 'Elliott', 'duis.mi.enim@yahoo.com', 'QCW61YSZ1NME', '2023-10-28', 'Bloomington', 1, NULL),
(7, 'Mendoza', 'Erich', 'ipsum.curabitur@google.ca', 'MQK93FIQ2TEB', '2024-10-13', 'Lidingo', 1, NULL),
(8, 'Bolton', 'Willow', 'malesuada.vel.convallis@google.couk', 'VFQ64BGV8QGM', '2024-10-29', 'Austin', 2, NULL),
(9, 'Terrell', 'Kaye', 'gravida.sagittis@protonmail.org', 'JQQ24IOC6LZW', '2023-08-24', 'Cantley', 2, NULL),
(10, 'Donaldson', 'Michelle', 'pede.ultrices@yahoo.couk', 'XEL13UIG9YPQ', '2023-05-06', 'Essex', 3, NULL),
(11, 'Mcdowell', 'Tad', 'eu.tellus.eu@hotmail.edu', 'KWC69XZF5POF', '2023-07-14', 'Sioux City', 3, NULL),
(12, 'Garrison', 'Giselle', 'vulputate.dui@outlook.edu', 'IOU73GVG6BZM', '2023-06-28', 'Bad Kreuznach', 1, NULL),
(13, 'Campbell', 'Jasper', 'etiam.gravida.molestie@outlook.org', 'DLJ55MZH5UGT', '2024-08-29', 'Cumberland County', 1, NULL),
(14, 'Le', 'Nayda', 'risus.duis.a@outlook.ca', 'QOI62MJX6AIX', '2024-07-06', 'Chartres', 2, NULL),
(15, 'Gamble', 'Connor', 'integer.urna@aol.org', 'DYV45RLG6DUV', '2024-04-22', 'Limoges', 2, NULL),
(16, 'Dean', 'Frances', 'gravida.praesent@yahoo.com', 'PSH68DCQ3TTW', '2024-01-13', 'Saint-Dizier', 3, NULL),
(17, 'Acevedo', 'Leonard', 'duis.gravida.praesent@hotmail.edu', 'QVJ38DCS0YPM', '2024-12-27', 'Sint-Pieters-Woluwe', 3, NULL),
(18, 'Juarez', 'Micah', 'aliquet@protonmail.com', 'TWU39PZO5CXY', '2024-09-16', 'Bever Bievene', 1, NULL),
(19, 'Mcdaniel', 'Vance', 'porttitor.scelerisque@protonmail.org', 'WEF68QSS2QTG', '2023-05-29', 'Brest', 1, NULL),
(20, 'Best', 'Zeph', 'donec@outlook.com', 'SUN85QWR4LYZ', '2023-06-25', 'Coldstream', 2, NULL),
(21, 'Benjamin', 'Tanek', 'conubia@hotmail.org', 'WCL62XWC5FXX', '2025-02-19', 'Klemskerke', 2, NULL),
(22, 'Porter', 'Jolene', 'morbi.quis@hotmail.couk', 'XIB31VSJ9MHI', '2024-01-29', 'Pontarlier', 3, NULL),
(23, 'Gaines', 'Ryder', 'ligula.nullam.feugiat@outlook.ca', 'JGI91OQV2JYQ', '2023-09-22', 'Limoges', 3, NULL),
(24, 'Luna', 'Deborah', 'proin@outlook.couk', 'YAT62HSY1FUC', '2024-01-08', 'Hennigsdorf', 1, NULL),
(25, 'Powers', 'Katell', 'erat@google.edu', 'IVB16JRT1RLQ', '2025-03-17', 'Ockelbo', 1, NULL),
(26, 'Hyde', 'Clio', 'cras.lorem@aol.edu', 'NMO28RAX3HDT', '2024-08-07', 'Whitehorse', 2, NULL),
(27, 'Spence', 'Lee', 'proin.ultrices.duis@hotmail.ca', 'VTX64FXS3SMD', '2024-03-12', 'Meer', 2, NULL),
(28, 'Small', 'Nicholas', 'eu.dolor.egestas@protonmail.couk', 'ICS58ZJD7HBZ', '2024-02-03', 'Kapolei', 3, NULL),
(29, 'Hodges', 'Avye', 'odio.nam.interdum@hotmail.couk', 'MWK25ABC8UMQ', '2023-07-19', 'Nässjö', 3, NULL),
(30, 'Lang', 'Karina', 'pede.ultrices@google.net', 'LRO86NYC1FBU', '2023-04-12', 'Forbach', 1, NULL),
(31, 'Gomez', 'Odessa', 'dui@protonmail.org', 'YHH60NXU9JKA', '2025-01-25', 'Berloz', 1, NULL),
(32, 'Graham', 'Miriam', 'nam.tempor@google.ca', 'ECE18GXI8XRH', '2024-02-14', 'Blackwood', 2, NULL),
(33, 'Landry', 'Drew', 'sed.eu@icloud.org', 'QRD02ZEM7RNP', '2025-02-26', 'Edmundston', 2, NULL),
(34, 'Love', 'Alisa', 'nunc.interdum@outlook.org', 'QNT54LTA7NNB', '2024-04-23', 'Gillette', 3, NULL),
(35, 'Meadows', 'Herrod', 'egestas@yahoo.net', 'DIS82LLO8CJL', '2024-12-24', 'Aurillac', 3, NULL),
(36, 'Hale', 'Alvin', 'quam.elementum@icloud.couk', 'KCI73DVR8HFK', '2024-03-19', 'Stratford', 1, NULL),
(37, 'Harper', 'Marshall', 'commodo.hendrerit@google.com', 'XHO87HJD1RSC', '2024-05-12', 'Hearst', 1, NULL),
(38, 'Pickett', 'Forrest', 'convallis.dolor@aol.ca', 'XXJ58JBR8MDV', '2024-06-25', 'Värnamo', 2, NULL),
(39, 'Collins', 'Gisela', 'parturient.montes@protonmail.couk', 'IPJ83JAP9QCQ', '2023-11-09', 'Ancaster Town', 2, NULL),
(40, 'Kaufman', 'Stephen', 'nec.orci.donec@hotmail.net', 'IIO15BYD2LKG', '2024-06-30', 'Motala', 3, NULL),
(41, 'Guthrie', 'Chloe', 'quis.urna@protonmail.org', 'BPG77FTC0RJX', '2023-04-14', 'Elingen', 3, NULL),
(42, 'Haley', 'Mechelle', 'arcu.vel.quam@outlook.net', 'LRD55ZGF6JMU', '2024-08-07', 'Llanelli', 1, NULL),
(43, 'Mclean', 'Vivian', 'nec@aol.com', 'NJQ63KKO5YUV', '2023-05-08', 'Knoxville', 1, NULL),
(44, 'Mckee', 'Kennan', 'ultricies@hotmail.org', 'FPH72GPB5FJK', '2023-06-01', 'Aulnay-sous-Bois', 2, NULL),
(45, 'Mclaughlin', 'Beverly', 'odio@google.ca', 'BJL31VID8NTM', '2023-04-12', 'Butte', 2, NULL),
(46, 'Chan', 'Vielka', 'erat.in.consectetuer@google.ca', 'JSV92HOI4KVI', '2023-04-02', 'Reno', 3, NULL),
(47, 'Bolton', 'Ciara', 'scelerisque.neque.nullam@google.couk', 'GXX10UDI6VGJ', '2023-09-13', 'Liverpool', 3, NULL),
(48, 'Grimes', 'Nina', 'magnis.dis.parturient@yahoo.org', 'HGL64XFM3TBL', '2023-08-08', 'Soissons', 1, NULL),
(49, 'Bentley', 'Lamar', 'dapibus.rutrum@protonmail.org', 'LYH89WWX2KGT', '2025-03-07', 'Saint John', 1, NULL),
(50, 'Maldonado', 'Griffith', 'nunc.sed.libero@icloud.org', 'QPN20RXA2POC', '2024-09-24', 'Neu-Ulm', 2, NULL),
(51, 'Sargent', 'Chandler', 'ultrices.a@aol.ca', 'SDY15SCT8CMY', '2025-02-09', 'Comox', 2, NULL),
(52, 'Pugh', 'Mannix', 'nec.urna@aol.com', 'BMC87IME1PVY', '2023-05-07', 'Avesta', 3, NULL),
(53, 'Walsh', 'Ocean', 'cras.vulputate@yahoo.com', 'VOX52MSE3FCV', '2024-12-16', 'Senftenberg', 3, NULL),
(54, 'Salas', 'Ray', 'eget@aol.edu', 'FJI89YHO9RII', '2025-02-12', 'Milnathort', 1, NULL),
(55, 'Charles', 'Louis', 'per@hotmail.com', 'LVW38VWE5CUN', '2023-06-06', 'Wilhelmshaven', 1, NULL),
(56, 'Sanders', 'Stuart', 'ante.maecenas.mi@outlook.edu', 'EPS38OLF2CNV', '2024-07-04', 'Compiègne', 2, NULL),
(57, 'Morgan', 'Quintessa', 'nostra.per@protonmail.com', 'VXX54AHL3QXR', '2024-04-23', 'Profondeville', 2, NULL),
(58, 'Salinas', 'Ila', 'nulla.aliquet@google.edu', 'FWL26XJU4VBN', '2023-09-20', 'Glendale', 3, NULL),
(59, 'Bailey', 'Griffin', 'lectus.cum@icloud.com', 'MUB38BFJ8KCN', '2023-04-12', 'Pfungstadt', 3, NULL),
(60, 'Phillips', 'Brett', 'ipsum.phasellus@hotmail.com', 'IGC03YXI7ZDQ', '2023-11-15', 'Winnipeg', 1, NULL),
(61, 'Thomas', 'Brock', 'dolor.sit@hotmail.edu', 'GWL00HNG4JXD', '2023-12-10', 'Södertälje', 1, NULL),
(62, 'Spears', 'Shay', 'viverra@aol.ca', 'IYW86GQZ8JJL', '2023-07-18', 'Köthen', 2, NULL),
(63, 'Langley', 'Galvin', 'ac.mattis.velit@protonmail.ca', 'QXT72HRL3OKI', '2024-09-30', 'Kingussie', 2, NULL),
(64, 'Campos', 'Kennan', 'elementum.purus@yahoo.edu', 'LXP67VIW7FUK', '2024-11-10', 'Port Glasgow', 3, NULL),
(65, 'Wynn', 'Lucius', 'purus.maecenas@protonmail.com', 'XYK73ROK2IOH', '2024-05-20', 'Geesthacht', 3, NULL),
(66, 'Cochran', 'Mariam', 'lacinia.at@google.ca', 'PMO75ATX8WOC', '2024-08-10', 'Minderhout', 1, NULL),
(67, 'Ellison', 'Amir', 'ridiculus.mus@google.couk', 'OVJ41SVS4NFX', '2023-11-19', 'Saarbrücken', 1, NULL),
(68, 'Rivera', 'Daquan', 'amet.lorem@yahoo.edu', 'EEM95HLF2UQU', '2025-03-15', 'Söderhamn', 2, NULL),
(69, 'Hart', 'Jolie', 'aliquet.libero@google.com', 'XSF23XIX7PXJ', '2023-06-10', 'Chester', 2, NULL),
(70, 'Perry', 'Xyla', 'dui.nec@aol.edu', 'AXJ16BHD5HCY', '2024-06-24', 'Fredericton', 3, NULL),
(71, 'Rosa', 'Jerome', 'nunc.ut@yahoo.ca', 'TNN54QFT5WYF', '2023-11-07', 'Bloxham', 3, NULL),
(72, 'Long', 'Wing', 'etiam@outlook.net', 'YKH12GRP5DHV', '2023-11-05', 'Fogo', 1, NULL),
(73, 'Pruitt', 'Cassidy', 'justo.praesent@outlook.org', 'MJM84BGG6CQG', '2023-09-15', 'Salon-de-Provence', 1, NULL),
(74, 'Schneider', 'Bert', 'a.feugiat@protonmail.couk', 'RXO14JWQ6OSQ', '2024-11-27', 'Green Bay', 2, NULL),
(75, 'Merrill', 'Buckminster', 'a@icloud.org', 'VFM36ELK1UUL', '2024-03-07', 'Spiere', 2, NULL),
(76, 'Nixon', 'Ann', 'fringilla.donec@protonmail.couk', 'LSC30NMK4QIE', '2023-10-01', 'Estevan', 3, NULL),
(77, 'French', 'Barclay', 'enim.etiam.gravida@hotmail.org', 'BVZ99ETR1XFJ', '2024-05-06', 'Nässjö', 3, NULL),
(78, 'Hurley', 'Penelope', 'duis@outlook.ca', 'DOR89INN0LRO', '2024-08-05', 'Boston', 1, NULL),
(79, 'Odom', 'Jermaine', 'orci@hotmail.com', 'CEU17LWL2QTN', '2023-09-05', 'Nässjö', 1, NULL),
(80, 'Gonzalez', 'Colette', 'congue.turpis@aol.org', 'XMN22HXF5UXL', '2025-02-03', 'Avesta', 2, NULL),
(81, 'Reilly', 'Rhoda', 'quam.vel@aol.net', 'DOK77VZP5PDU', '2024-05-21', 'Hyères', 2, NULL),
(82, 'Hartman', 'Abdul', 'aenean@outlook.com', 'TAM58HHY8SCH', '2023-11-06', 'Northumberland', 3, NULL),
(83, 'Rocha', 'Quin', 'porttitor.tellus@outlook.net', 'FYF82BZH0VDO', '2024-09-10', 'Velaine-sur-Sambre', 3, NULL),
(84, 'Page', 'Giselle', 'pulvinar.arcu@hotmail.ca', 'SYL62GSS9UVE', '2023-06-08', 'Rockford', 1, NULL),
(85, 'Park', 'Georgia', 'tempor.lorem@yahoo.com', 'WGM31WVE8ILB', '2023-07-07', 'Broken Arrow', 1, NULL),
(86, 'Sullivan', 'Indira', 'et@hotmail.org', 'TVV36EIT6TXY', '2023-06-15', 'Fredericton', 2, NULL),
(87, 'Curtis', 'Honorato', 'nec.urna@yahoo.net', 'YWS16MZE9GKA', '2023-12-16', 'LiŽge', 2, NULL),
(88, 'Whitney', 'Michelle', 'ornare.lectus.ante@hotmail.org', 'HWL24MPC8QYY', '2024-10-21', 'Oordegem', 3, NULL),
(89, 'Joyner', 'Austin', 'enim.nunc@aol.org', 'AHK09EIW4RJG', '2024-05-06', 'Forst', 3, NULL),
(90, 'Woods', 'Sarah', 'et.libero.proin@icloud.couk', 'EDP13EGO1GCY', '2023-11-02', 'Avesta', 1, NULL),
(91, 'Benton', 'Emi', 'imperdiet@google.edu', 'NDB16UFL6IWB', '2023-08-04', 'Buckley', 1, NULL),
(92, 'Carrillo', 'Brendan', 'nunc.mauris@yahoo.net', 'RDT65GBD1HRU', '2024-11-25', 'Burin', 2, NULL),
(93, 'Vaughan', 'Keaton', 'at.nisi@yahoo.com', 'CWT77WJJ2PYX', '2025-02-22', 'Coalhurst', 2, NULL),
(94, 'Huber', 'Dillon', 'eu@yahoo.edu', 'YFG45ETG6TBV', '2023-10-27', 'Jedburgh', 3, NULL),
(95, 'Nieves', 'Erich', 'lorem@outlook.org', 'BBG67UDR9EJX', '2024-03-16', 'Neu-Isenburg', 3, NULL),
(96, 'Schultz', 'Penelope', 'taciti.sociosqu@google.org', 'AVC21RQE2HLE', '2024-07-17', 'New Glasgow', 1, NULL),
(97, 'Wade', 'Troy', 'mollis.duis@outlook.edu', 'MOL39SOJ6FIH', '2024-03-03', 'Nossegem', 1, NULL),
(98, 'Lawrence', 'Carson', 'sed.eu.nibh@protonmail.org', 'SQO74FNI7ICW', '2023-09-10', 'Vitry-sur-Seine', 2, NULL),
(99, 'Witt', 'Kirestin', 'ligula.aliquam.erat@hotmail.edu', 'QOS20FEE8SKK', '2024-12-15', 'Indianapolis', 2, NULL),
(100, 'Stone', 'Wyoming', 'ac@protonmail.couk', 'MVG06IJQ1QBG', '2024-03-10', 'Cannes', 3, NULL),
(101, 'Peters', 'Keefe', 'aliquam.tincidunt@icloud.couk', 'MHB61IJB4SHR', '2023-07-26', 'Kirkby Lonsdale', 3, NULL),
(102, 'Grimes', 'Jameson', 'nunc.commodo@yahoo.couk', 'LEC68GMA8IWR', '2024-01-04', 'Nice', 1, NULL),
(103, 'Donovan', 'Porter', 'non.sapien@hotmail.edu', 'GFC26XWY8RJN', '2024-04-09', 'Cap-de-la-Madeleine', 1, NULL),
(104, 'Rich', 'David', 'viverra.maecenas@yahoo.edu', 'QKL15JCJ7HDV', '2024-10-29', 'Charleville-Mézières', 2, NULL),
(105, 'Rutledge', 'Beau', 'at.arcu@aol.edu', 'VKG48USP7BOM', '2023-11-18', 'Berlin', 2, NULL),
(106, 'Sherman', 'Ginger', 'mauris.aliquam@icloud.com', 'HBK24YWI8QSV', '2023-12-26', 'Finspång', 3, NULL),
(107, 'Whitfield', 'Micah', 'amet.nulla@aol.net', 'TYS92LJH0PGE', '2023-05-27', 'Märsta', 3, NULL),
(108, 'Ratliff', 'Reece', 'amet.orci@icloud.ca', 'WTC97YVE5UNK', '2023-07-19', 'Stralsund', 1, NULL),
(109, 'Wilder', 'Kermit', 'eget.tincidunt.dui@outlook.org', 'HBW49BLL3GMF', '2025-02-22', 'GŽrouville', 1, NULL),
(110, 'Rollins', 'Moana', 'aliquam@google.couk', 'YKF44TSF9HWE', '2024-05-26', 'Ludvika', 2, NULL),
(111, 'Berry', 'Samantha', 'eu.ligula@google.net', 'XWC84YQC2YUV', '2024-11-27', 'Hamburg', 2, NULL),
(112, 'Ford', 'Chloe', 'mi.tempor.lorem@icloud.ca', 'TMF52MQF9QPC', '2024-07-21', 'Koblenz', 3, NULL),
(113, 'Romero', 'Vernon', 'scelerisque@outlook.org', 'FFJ93BSG8WED', '2024-12-11', 'Appels', 3, NULL),
(114, 'Norman', 'Cathleen', 'sit.amet@google.couk', 'TTN84AQX3NPY', '2024-01-13', 'Carcassonne', 1, NULL),
(115, 'Dotson', 'Melinda', 'dolor.fusce@outlook.com', 'EGF36TKB1TAX', '2023-07-09', 'Berlin', 1, NULL),
(116, 'Maxwell', 'Marshall', 'aliquet.metus@icloud.edu', 'JNO93UFA2FND', '2024-06-25', 'Täby', 2, NULL),
(117, 'Johns', 'Portia', 'nunc@hotmail.org', 'IRZ73PUN9SSE', '2023-09-13', 'San Francisco', 2, NULL),
(118, 'Morgan', 'Whitney', 'duis.dignissim@icloud.couk', 'YPD15NYW8ZYF', '2025-02-28', 'Harbour Grace', 3, NULL),
(119, 'Mejia', 'Emerson', 'augue.eu@outlook.net', 'OFF40CJD7EAD', '2024-01-02', 'Ledbury', 3, NULL),
(120, 'Joseph', 'Yeo', 'quisque.ac@icloud.net', 'IAL10NKT7KLV', '2023-11-10', 'Wilhelmshaven', 1, NULL),
(121, 'Rodriguez', 'Helen', 'nunc.nulla@protonmail.com', 'JWU44QWX2DQE', '2023-11-07', 'Linköping', 1, NULL),
(122, 'Chan', 'Marah', 'sem.ut.dolor@google.edu', 'CKS13VSN8FSX', '2024-12-31', 'Lieferinge', 2, NULL),
(123, 'Farrell', 'Hoyt', 'nunc.nulla@hotmail.com', 'WHK21GHF3ROD', '2023-11-30', 'Täby', 2, NULL),
(124, 'Pierce', 'Gwendolyn', 'sem.egestas@aol.com', 'FJL64PHL1HDS', '2024-04-08', 'Greenock', 3, NULL),
(125, 'Bruce', 'Conan', 'vel.convallis.in@aol.edu', 'MPI09EPL2SYM', '2023-10-19', 'Poucet', 3, NULL),
(126, 'Preston', 'Darius', 'dolor@hotmail.org', 'AVQ38TOE1LII', '2024-12-13', 'Watson Lake', 1, NULL),
(127, 'Mcguire', 'Joan', 'blandit.enim@google.org', 'YPS22WHO4NYE', '2024-02-07', 'Hudiksvall', 1, NULL),
(128, 'Howard', 'Seth', 'non@icloud.net', 'GMR64FFS5AXV', '2023-10-03', 'Aschaffenburg', 2, NULL),
(129, 'Sutton', 'Shay', 'enim.sed.nulla@google.couk', 'RNP80ZNN2QHY', '2025-01-09', 'Ch‰telineau', 2, NULL),
(130, 'Gibson', 'Ingrid', 'nam.ligula.elit@outlook.org', 'KDP85TYU5LUN', '2023-10-20', 'Leernes', 3, NULL),
(131, 'Mccullough', 'Reese', 'enim.sit@hotmail.org', 'BHB26FEF0WXD', '2023-06-25', 'Hamburg', 3, NULL),
(132, 'Gilbert', 'Willow', 'donec.nibh@google.com', 'DDO36MOA3GUB', '2025-01-30', 'Lowell', 1, NULL),
(133, 'Meyer', 'Eliana', 'lobortis.nisi.nibh@aol.org', 'WPN76NLX7FTN', '2023-07-09', 'Habay', 1, NULL),
(134, 'Wall', 'Clinton', 'eros.turpis@hotmail.couk', 'UQK19DYV7JCT', '2024-09-06', 'Zaventem', 2, NULL),
(135, 'Kim', 'Scott', 'nullam@outlook.couk', 'FDT95DEM5NMX', '2024-12-13', 'Habay-la-Vieille', 2, NULL),
(136, 'Randall', 'Germane', 'rutrum.magna@icloud.edu', 'XKB21CSQ7ZBG', '2024-02-22', 'Bromyard', 3, NULL),
(137, 'Crane', 'Olivia', 'nisi@outlook.net', 'RQU82FIL6LIG', '2023-12-09', 'Motala', 3, NULL),
(138, 'Meyers', 'Jelani', 'ac.facilisis@aol.net', 'OVT67NYX9IVK', '2023-12-30', 'Lidköping', 1, NULL),
(139, 'Delgado', 'Randall', 'proin.mi@google.edu', 'EKX98XLG6NSO', '2023-06-14', 'Frankenthal', 1, NULL),
(140, 'Michael', 'Tamekah', 'nunc@hotmail.edu', 'JEE62LWL1MPS', '2024-04-18', 'Alençon', 2, NULL),
(141, 'Davidson', 'Carter', 'tempor.lorem.eget@yahoo.net', 'BSH91SSF8JGI', '2024-02-25', 'Le Petit-Quevilly', 2, NULL),
(142, 'Allen', 'Kim', 'dolor.nonummy@google.org', 'BEY18FNV3JMB', '2025-02-26', 'Hattersheim am Main', 3, NULL),
(143, 'Lopez', 'Graiden', 'orci.in.consequat@aol.net', 'TQO04NKW3IPU', '2023-08-22', 'Hamburg', 3, NULL),
(144, 'Lindsay', 'Paula', 'a.tortor.nunc@outlook.com', 'XJN37BGG5NJG', '2024-02-09', 'Auldearn', 1, NULL),
(145, 'Buckley', 'Grant', 'nunc.id.enim@google.edu', 'EPD53EFI6RCR', '2023-08-28', 'Whithorn', 1, NULL),
(146, 'O\'connor', 'Shelly', 'ipsum.dolor.sit@aol.edu', 'URI42PSK1OVW', '2023-09-05', 'Blieskastel', 2, NULL),
(147, 'Malone', 'Ashely', 'et@protonmail.edu', 'WYB54NNO2XLI', '2024-08-23', 'Gent', 2, NULL),
(148, 'Nunez', 'Wilma', 'aenean.eget.magna@icloud.net', 'TIC24MHS6NCX', '2024-04-03', 'Bourges', 3, NULL),
(149, 'Barrera', 'Rosalyn', 'quisque@hotmail.org', 'JKF38YTJ6QOK', '2024-02-28', 'Wuppertal', 3, NULL),
(150, 'Maldonado', 'Melvin', 'montes.nascetur@google.com', 'FUU23JOL3VMR', '2024-09-06', 'Town of Yarmouth', 1, NULL),
(151, 'Melendez', 'Rae', 'ipsum.leo.elementum@google.net', 'BPR33UWQ3ILT', '2025-03-08', 'West Jordan', 1, NULL),
(152, 'Levine', 'Shad', 'ut.nec@yahoo.edu', 'LNS64QHG3RRL', '2023-06-01', 'Linköping', 2, NULL),
(153, 'Ellison', 'Clare', 'ornare.egestas@yahoo.ca', 'YZF96DFH5KCO', '2024-07-31', 'Incourt', 2, NULL),
(154, 'Weber', 'Buckminster', 'sed.est@outlook.com', 'FAF42CCR5JKO', '2024-02-06', 'Upplands Väsby', 3, NULL),
(155, 'Luna', 'Lareina', 'nulla@outlook.ca', 'QBT74LBD3FYH', '2023-11-05', 'Mjölby', 3, NULL),
(156, 'Melton', 'Nita', 'proin.eget@aol.couk', 'QQK10DGL0PFZ', '2024-05-28', 'Mérignac', 1, NULL),
(157, 'Snow', 'Armand', 'nunc.sed.pede@yahoo.com', 'ATD48QXH1ZOD', '2024-04-28', 'Baie-Comeau', 1, NULL),
(158, 'Hampton', 'Brian', 'in@hotmail.ca', 'OAG48RZC1OJJ', '2024-08-11', 'Fosses-la-Ville', 2, NULL),
(159, 'Floyd', 'Hanae', 'nunc.risus@google.ca', 'KTG33MHI2NPS', '2024-11-20', 'St. Petersburg', 2, NULL),
(160, 'Cabrera', 'Gay', 'ac@aol.net', 'UBI98PQY8PDJ', '2024-04-01', 'Cawdor', 3, NULL),
(161, 'Pollard', 'Deanna', 'lacinia.sed@aol.edu', 'CFX00DCC2GUD', '2024-11-15', 'Oldenburg', 3, NULL),
(162, 'Baldwin', 'Aquila', 'varius.ultrices.mauris@aol.edu', 'ADU86JXL2QZT', '2023-09-02', 'Noisy-le-Grand', 1, NULL),
(163, 'Zimmerman', 'Brody', 'ridiculus.mus@yahoo.edu', 'XSF33USP5GRG', '2024-08-23', 'Mora', 1, NULL),
(164, 'Beard', 'Tara', 'orci.adipiscing.non@yahoo.org', 'DBH17DFL2DOM', '2023-07-30', 'Berlin', 2, NULL),
(165, 'Jacobson', 'Sopoline', 'eget@protonmail.ca', 'OCM64RLI3JCA', '2023-05-26', 'Daly', 2, NULL),
(166, 'Koch', 'Troy', 'morbi.non@aol.edu', 'MJM11QQN4JIT', '2023-10-10', 'Yellowknife', 3, NULL),
(167, 'Holloway', 'Blaze', 'sociosqu.ad@outlook.edu', 'BYD76TWV3CPP', '2024-04-03', 'Detroit', 3, NULL),
(168, 'Munoz', 'Angelica', 'vehicula.pellentesque@aol.ca', 'WWN23RRJ5XLB', '2024-11-03', 'Onze-Lieve-Vrouw-Lombeek', 1, NULL),
(169, 'Gilmore', 'Kadeem', 'sociosqu@google.edu', 'VOG91XMX2JQK', '2024-10-03', 'Vallentuna', 1, NULL),
(170, 'George', 'Chester', 'odio.aliquam.vulputate@hotmail.couk', 'LIX51VOM1MNF', '2025-03-09', 'Mulhouse', 2, NULL),
(171, 'Head', 'Briar', 'enim@aol.ca', 'ORW64ULB3ITH', '2023-05-16', 'Goslar', 2, NULL),
(172, 'Cantu', 'Imani', 'dolor.sit@google.com', 'EED11IMP7SQX', '2023-04-17', 'Boignee', 3, NULL),
(173, 'Callahan', 'Macon', 'donec.porttitor@icloud.edu', 'SWR47EWG2YKP', '2024-05-16', 'Falun', 3, NULL),
(174, 'Vance', 'Anthony', 'porttitor.vulputate.posuere@yahoo.com', 'SXD77KFL4JHO', '2023-04-30', 'Rhayader', 1, NULL),
(175, 'Navarro', 'Kuame', 'eu.lacus.quisque@icloud.net', 'BEV83HIQ4JPD', '2023-09-17', 'Évreux', 1, NULL),
(176, 'Rutledge', 'Indira', 'sed.turpis@google.org', 'LHX20FLY6WAT', '2024-04-28', 'Alva', 2, NULL),
(177, 'Tran', 'Gail', 'praesent.luctus@hotmail.org', 'XHA23HKS0FLA', '2025-03-01', 'Kircudbright', 2, NULL),
(178, 'Vinson', 'Kelsie', 'nec.tellus@icloud.net', 'LND03TIX6UZN', '2024-04-24', 'Incourt', 3, NULL),
(179, 'Robbins', 'Yardley', 'libero.donec@protonmail.couk', 'AFD05VBU1FOS', '2023-09-28', 'Hamburg', 3, NULL),
(180, 'Sanders', 'Rhonda', 'ac.nulla@aol.net', 'VXH28LIP2OYF', '2024-09-19', 'Camrose', 1, NULL),
(181, 'Buchanan', 'Gwendolyn', 'tempus.lorem@google.ca', 'XQQ52GYG8OCU', '2024-08-03', 'Épinal', 1, NULL),
(182, 'Tate', 'Nyssa', 'risus@icloud.edu', 'MWM30AJF5DPV', '2024-11-14', 'Ludvika', 2, NULL),
(183, 'Chandler', 'Chastity', 'dui.lectus@protonmail.couk', 'CCM32KGO9CDT', '2024-06-14', 'Castres', 2, NULL),
(184, 'Mcintyre', 'Patricia', 'erat.semper@protonmail.ca', 'VUW47GBC2XUY', '2024-07-17', 'Southaven', 3, NULL),
(185, 'Harper', 'Priscilla', 'tortor@yahoo.org', 'LKW45SWS6KKU', '2024-04-03', 'Saumur', 3, NULL),
(186, 'Parrish', 'Margaret', 'massa.vestibulum@outlook.net', 'ZFH33HXC9KGJ', '2023-05-12', 'Felixstowe', 1, NULL),
(187, 'Dickson', 'Oscar', 'pharetra.quisque.ac@aol.com', 'LRC58WQH4CCF', '2024-06-11', 'Warren', 1, NULL),
(188, 'Hudson', 'Meghan', 'tellus.imperdiet.non@icloud.couk', 'VQG37GNQ5PMB', '2023-04-08', 'Columbus', 2, NULL),
(189, 'Bird', 'Rashad', 'magnis@protonmail.org', 'HLM85JPG4WYI', '2024-07-08', 'Fogo', 2, NULL),
(190, 'Bolton', 'Zorita', 'vestibulum.ante.ipsum@google.org', 'YCI64EFJ5KTW', '2024-09-04', 'Hagen', 3, NULL),
(191, 'Beach', 'Bryar', 'sit.amet.consectetuer@protonmail.edu', 'GJD33GDX5RYB', '2025-03-18', 'Mora', 3, NULL),
(192, 'Dean', 'Jason', 'elit.nulla@google.couk', 'IAB34KDE1OER', '2023-08-14', 'Vaux-sous-ChŽvremont', 1, NULL),
(193, 'Mcpherson', 'Stacey', 'metus.in@yahoo.couk', 'OYV64WJF6NEZ', '2024-11-30', 'Springfield', 1, NULL),
(194, 'Gross', 'Melanie', 'eros@outlook.couk', 'MBT07VDA0IRP', '2024-10-28', 'Huntsville', 2, NULL),
(195, 'Rogers', 'Zena', 'dui@aol.couk', 'OSL27STH5KEA', '2023-06-18', 'Tranent', 2, NULL),
(196, 'Beach', 'Kalia', 'vulputate.velit@outlook.ca', 'EXY48YPD3DUH', '2023-09-06', 'Bear', 3, NULL),
(197, 'Gilbert', 'Hayes', 'maecenas.ornare@google.couk', 'TYJ05KVD8ESB', '2024-07-22', 'Saint-Lô', 3, NULL),
(198, 'Hall', 'Brent', 'urna@icloud.edu', 'IJH86XCI4VBQ', '2023-05-21', 'Mjölby', 1, NULL),
(199, 'Burks', 'Candice', 'aliquet@aol.ca', 'GPY27XRN8EMV', '2024-10-18', 'Cambrai', 1, NULL),
(200, 'Chambers', 'Victor', 'mi@yahoo.net', 'HCV31HYD8OBZ', '2024-06-16', 'Sindelfingen', 2, NULL),
(201, 'Yang', 'Phelan', 'aliquam.nec.enim@protonmail.com', 'YQV53KSO8LUK', '2024-05-15', 'Phoenix', 2, NULL),
(202, 'Turner', 'Omar', 'metus.vitae@outlook.edu', 'XUA80IZN6LZX', '2023-11-20', 'Dallas', 3, NULL),
(203, 'Carrillo', 'Adena', 'sed.consequat@protonmail.net', 'ONB72JDL7PKS', '2023-08-27', 'Poederlee', 3, NULL),
(204, 'English', 'Illiana', 'porttitor.scelerisque@icloud.org', 'OHU27BRS6WST', '2024-09-29', 'GrivegnŽe', 1, NULL),
(205, 'Webb', 'Nathaniel', 'condimentum.eget.volutpat@outlook.org', 'CVY42LBT4CHN', '2024-02-27', 'Arviat', 1, NULL),
(206, 'Ford', 'Ahmed', 'in.cursus.et@aol.org', 'NDQ73BHM6ENX', '2023-06-04', 'Bournemouth', 2, NULL),
(207, 'Harvey', 'Zane', 'sollicitudin@yahoo.com', 'VCN46QWP7OUG', '2025-02-27', 'Schwalbach', 2, NULL),
(208, 'Orr', 'Steel', 'arcu@protonmail.net', 'TES78BJF3RNB', '2024-11-03', 'Åkersberga', 3, NULL),
(209, 'Davis', 'Cedric', 'ridiculus@icloud.ca', 'MAI03BVW7QRE', '2025-01-04', 'Falun', 3, NULL),
(210, 'Roy', 'Diana', 'a@hotmail.ca', 'AKG76CWV6MXL', '2023-07-10', 'Mulhouse', 1, NULL),
(211, 'Walsh', 'Carissa', 'ante.lectus@outlook.edu', 'HZM70UJX6SDE', '2024-04-23', 'Tullibody', 1, NULL),
(212, 'Harris', 'Amethyst', 'ante.blandit@protonmail.ca', 'MFE83LRG4OYJ', '2024-11-15', 'Tredegar', 2, NULL),
(213, 'Richardson', 'Imani', 'rhoncus.donec.est@outlook.couk', 'RNM74LED0EXB', '2023-05-20', 'Lidingo', 2, NULL),
(214, 'Woods', 'Alexandra', 'sed.turpis@yahoo.org', 'HBV26CEF3UXM', '2023-06-05', 'Olathe', 3, NULL),
(215, 'Guerrero', 'Desirae', 'semper.egestas@aol.couk', 'AUF81IOG6VTG', '2023-05-17', 'Coatbridge', 3, NULL),
(216, 'Castillo', 'Ignacia', 'consequat.purus@outlook.edu', 'ZOL56QFM0KSE', '2024-04-21', 'Mâcon', 1, NULL),
(217, 'Haley', 'Elijah', 'laoreet.lectus@yahoo.couk', 'IQQ05RWW4BYS', '2023-05-08', 'Aartrijke', 1, NULL),
(218, 'Christian', 'Ocean', 'phasellus@icloud.ca', 'POG72MPV9WGF', '2023-11-10', 'Chetwynd', 2, NULL),
(219, 'Meyer', 'Coby', 'nisi.cum@hotmail.com', 'LBR48HHG1WNE', '2023-05-25', 'Tarbes', 2, NULL),
(220, 'Tran', 'Tyrone', 'curabitur.dictum@yahoo.org', 'UKN42MWK3XSV', '2023-04-21', 'Springfield', 3, NULL),
(221, 'Acosta', 'Brynn', 'sed.turpis@outlook.org', 'OCD17GNR8YGT', '2023-10-17', 'Cedar Rapids', 3, NULL),
(222, 'Meadows', 'Kiara', 'amet.consectetuer@yahoo.ca', 'MSO87CLZ4NKW', '2024-01-04', 'Evere', 1, NULL),
(223, 'Ellis', 'Odessa', 'nisi.sem@google.net', 'VNM91CDM7BCQ', '2023-09-29', 'San Francisco', 1, NULL),
(224, 'Atkins', 'Mark', 'vulputate.posuere.vulputate@outlook.org', 'UAX93DJR0WWN', '2023-10-25', 'Rosenheim', 2, NULL),
(225, 'Hubbard', 'Geraldine', 'mauris.eu@protonmail.com', 'LGB62MVE0JPC', '2024-06-18', 'Bevel', 2, NULL),
(226, 'Molina', 'Brianna', 'eleifend.vitae@hotmail.com', 'ABF36REW8BZJ', '2024-05-05', 'Châtellerault', 3, NULL),
(227, 'Robbins', 'Imelda', 'dui.in.sodales@google.org', 'YGM92EJE7JOC', '2024-05-14', 'Whitehorse', 3, NULL),
(228, 'Davidson', 'Maggie', 'laoreet.libero@protonmail.net', 'TCR29BWA4BRZ', '2023-06-08', 'Tullibody', 1, NULL),
(229, 'Witt', 'Mariko', 'mauris@yahoo.net', 'IMF87DDW3NKG', '2024-05-09', 'Kenosha', 1, NULL),
(230, 'Juarez', 'Kylee', 'quis@hotmail.ca', 'IRS35TWW7GTO', '2024-10-14', 'Tacoma', 2, NULL),
(231, 'Small', 'Maris', 'arcu.vestibulum@icloud.org', 'SQA58SYI5XDR', '2024-09-02', 'Lebbeke', 2, NULL),
(232, 'Hull', 'Melvin', 'donec@outlook.couk', 'YGS91TDW3JJY', '2024-10-07', 'Baulers', 3, NULL),
(233, 'Mclean', 'Haley', 'risus.quis@aol.edu', 'CSR67CVJ6QGR', '2023-07-09', 'Clydebank', 3, NULL),
(234, 'Knox', 'Laith', 'habitant.morbi@google.ca', 'NPQ62IYM6TXV', '2024-10-04', 'Birmingham', 1, NULL),
(235, 'Crosby', 'Elmo', 'sem.consequat.nec@outlook.couk', 'RZV93ZHH4TYW', '2023-08-12', 'Beauwelz', 1, NULL),
(236, 'Cotton', 'Gwendolyn', 'enim.commodo@icloud.ca', 'VQW43ALG1WKZ', '2023-12-07', 'Biloxi', 2, NULL),
(237, 'Lyons', 'Sandra', 'maecenas@hotmail.ca', 'TMD20NMC4XVU', '2023-08-14', 'Harlech', 2, NULL),
(238, 'Dale', 'Christine', 'volutpat@hotmail.ca', 'BNE86MPG1UGD', '2023-10-30', 'Rouen', 3, NULL),
(239, 'Powell', 'Clio', 'cras.eu@hotmail.org', 'JHR00IIP9FOG', '2024-02-24', 'Bo\'ness', 3, NULL),
(240, 'Glenn', 'Regan', 'metus@yahoo.org', 'VCJ45VGA8EBC', '2024-04-14', 'Alnwick', 1, NULL),
(241, 'Lowery', 'Stuart', 'mauris.aliquam@aol.net', 'IQQ89PGE1QXC', '2024-02-13', 'Brentwood', 1, NULL),
(242, 'Baird', 'Sopoline', 'quisque.ac.libero@icloud.net', 'RPY41KJD4OMD', '2023-10-02', 'Stockholm', 2, NULL),
(243, 'Wood', 'Jack', 'non@outlook.org', 'YWO61QKA5PPW', '2023-04-23', 'Blois', 2, NULL),
(244, 'Vinson', 'Clarke', 'aenean.euismod.mauris@aol.ca', 'OFK31ERM6BTZ', '2025-01-06', 'Stroud', 3, NULL),
(245, 'Frost', 'Felicia', 'integer@protonmail.ca', 'AVJ48SHD0ODS', '2023-06-08', 'Norrköping', 3, NULL),
(246, 'Rojas', 'Joelle', 'pellentesque.tincidunt@google.com', 'FBM94OJC9SUL', '2023-11-13', 'Toledo', 1, NULL),
(247, 'Tyler', 'Porter', 'proin.nisl@icloud.ca', 'BVY81PVU7SRG', '2023-10-15', 'Amiens', 1, NULL),
(248, 'Cameron', 'Zephania', 'vulputate.risus@google.ca', 'DDD58UYV0GCY', '2023-11-22', 'Boo', 2, NULL),
(249, 'Sears', 'Sharon', 'duis.volutpat.nunc@hotmail.org', 'XKH68GHR1DDW', '2024-11-24', 'Köln', 2, NULL),
(250, 'Sexton', 'Quon', 'sed.sapien.nunc@protonmail.com', 'QNK76DIA7GIE', '2024-05-11', 'Duns', 3, NULL),
(251, 'Conner', 'Alan', 'ut.sagittis@aol.com', 'BMV41OBY4KTG', '2023-10-06', 'Bergen', 3, NULL),
(252, 'Barr', 'Garrett', 'vel.arcu.curabitur@hotmail.com', 'TDJ47QRB7ATJ', '2023-04-03', 'Narbonne', 1, NULL),
(253, 'Hernandez', 'Jena', 'mus.proin@icloud.net', 'UDU59GMI5KJF', '2024-01-05', 'Avesta', 1, NULL),
(254, 'Beasley', 'Gwendolyn', 'nec.luctus@aol.edu', 'DBV45KTS9HZJ', '2024-09-14', 'Grimma', 2, NULL),
(255, 'Mathews', 'Caesar', 'erat.neque@hotmail.net', 'CGH69QBE1DGY', '2025-03-05', 'Whitburn', 2, NULL),
(256, 'Brown', 'Palmer', 'sem.magna@aol.net', 'IMO10YEF1DHG', '2023-11-15', 'Montgomery', 3, NULL),
(257, 'Snow', 'Calista', 'montes.nascetur.ridiculus@icloud.edu', 'WHR83EVN7KSI', '2024-09-07', 'Ramskapelle', 3, NULL),
(258, 'Chavez', 'Alfonso', 'urna.convallis@outlook.net', 'DGB13SZU6JRD', '2024-07-22', 'Tilff', 1, NULL),
(259, 'Robertson', 'Gillian', 'nunc.sollicitudin@icloud.com', 'MQN13SFN8UJM', '2024-11-14', 'Kaneohe', 1, NULL),
(260, 'Cash', 'Zenaida', 'vivamus@yahoo.ca', 'IEU37FBA7SSN', '2024-11-02', 'Uppingham. Cottesmore', 2, NULL),
(261, 'Clayton', 'Frances', 'tincidunt@aol.ca', 'GEO18GFK5CDO', '2024-04-26', 'Braunschweig', 2, NULL),
(262, 'Workman', 'Alexander', 'eu.tellus@protonmail.com', 'VDI83KYN7BPH', '2023-12-04', 'Tubeke Tubize', 3, NULL),
(263, 'David', 'Reuben', 'nam.consequat.dolor@aol.ca', 'ZZS30BSL7MHO', '2024-06-14', 'Parchim	City', 3, NULL),
(264, 'Wood', 'Clarke', 'erat.volutpat.nulla@hotmail.org', 'BVQ95CLY8CXM', '2023-06-01', 'Mont-de-Marsan', 1, NULL),
(265, 'Bruce', 'Hannah', 'morbi.non@outlook.couk', 'BDR76QCX1YNN', '2023-04-02', 'Montague', 1, NULL),
(266, 'Riggs', 'Wanda', 'at.velit@google.ca', 'PGS37IXQ2NVO', '2024-02-23', 'Austin', 2, NULL),
(267, 'O\'brien', 'Moana', 'rutrum.fusce@outlook.couk', 'YEX98MQE4DUN', '2023-07-02', 'Zeveneken', 2, NULL),
(268, 'Trujillo', 'Dexter', 'magna@icloud.org', 'OIE29ZJC6WYY', '2024-10-27', 'Laramie', 3, NULL),
(269, 'Francis', 'Cyrus', 'ut@icloud.com', 'ENI01QDL6FQU', '2023-09-20', 'Maidenhead', 3, NULL),
(270, 'Wolf', 'Quamar', 'odio@icloud.com', 'CBX03OFP1LIB', '2023-10-07', 'Belfort', 1, NULL),
(271, 'Cervantes', 'Tyler', 'eu.tempor@google.edu', 'IBV28BVW3YUE', '2023-10-21', 'Kinross', 1, NULL),
(272, 'Cantu', 'Evelyn', 'nonummy.ac@yahoo.ca', 'VII53GNH2NFR', '2023-08-07', 'Rendsburg', 2, NULL),
(273, 'Fisher', 'Kaseem', 'nullam.lobortis@icloud.net', 'MFD55UAL8RIK', '2023-06-08', 'Essex', 2, NULL),
(274, 'Jacobson', 'Keiko', 'adipiscing.non@aol.edu', 'KWO55ELU4OEB', '2023-04-30', 'Linsmeau', 3, NULL),
(275, 'Sharpe', 'Tyler', 'mi.eleifend@hotmail.org', 'CVG35CUN2HUF', '2023-09-05', 'Neubrandenburg', 3, NULL),
(276, 'Knox', 'Fletcher', 'ut.nec@yahoo.ca', 'JLY31IYD1WBJ', '2024-07-26', 'Westkerke', 1, NULL),
(277, 'Gallagher', 'Uta', 'enim.sit@protonmail.com', 'VKC32LXG8WFR', '2024-09-13', 'Appels', 1, NULL),
(278, 'Woods', 'Ian', 'nunc.sit@aol.edu', 'WJL83WOP1QDM', '2024-03-30', 'Sotteville-lès-Rouen', 2, NULL),
(279, 'Cotton', 'Tatyana', 'lorem.vitae.odio@yahoo.ca', 'EJP61UNK3NAJ', '2023-06-01', 'Provo', 2, NULL),
(280, 'Franco', 'Finn', 'nec.metus@outlook.couk', 'VGF67XFP4BCQ', '2024-03-18', 'Inverbervie', 3, NULL),
(281, 'Oneil', 'September', 'fermentum.arcu.vestibulum@google.ca', 'TTG17DTV1GEG', '2023-05-03', 'Épernay', 3, NULL),
(282, 'Romero', 'Alika', 'orci.in@hotmail.com', 'UVA11JKR3MKJ', '2024-11-05', 'Minitonas', 1, NULL),
(283, 'Petersen', 'Jasmine', 'sed.nunc@outlook.com', 'LLF21ICU1NWI', '2023-08-03', 'Aberdeen', 1, NULL),
(284, 'Wolf', 'Price', 'in.ornare@aol.edu', 'HFS23NMH0HKH', '2023-06-28', 'Bonnyville Municipal District', 2, NULL),
(285, 'Vincent', 'Clare', 'fermentum.convallis@yahoo.net', 'XWR48OQG8KML', '2024-01-17', 'Neustrelitz', 2, NULL),
(286, 'Dorsey', 'Ifeoma', 'eu.lacus@yahoo.ca', 'MFQ15FNC5LOR', '2024-02-14', 'La Rochelle', 3, NULL),
(287, 'Salazar', 'MacKenzie', 'id.libero@google.edu', 'FYM54DVR5KUF', '2023-08-30', 'Orléans', 3, NULL),
(288, 'Norton', 'Chelsea', 'nisi.nibh@icloud.com', 'OVY64BOF4ZNS', '2025-03-12', 'Bowling Green', 1, NULL),
(289, 'Baird', 'Mallory', 'enim.etiam@protonmail.couk', 'IAK43CDY6JMA', '2025-01-15', 'Pontarlier', 1, NULL),
(290, 'Lancaster', 'Kibo', 'felis.nulla@outlook.edu', 'QSY96DPS8UVE', '2025-02-16', 'Stratford', 2, NULL),
(291, 'Hooper', 'Courtney', 'dolor.elit.pellentesque@aol.couk', 'QIQ67JJG1DDM', '2024-07-31', 'Bremerhaven', 2, NULL),
(292, 'Wade', 'Keiko', 'rhoncus@aol.couk', 'IFV27MGX6VIL', '2024-02-07', 'Pirmasens', 3, NULL),
(293, 'Rivera', 'Odysseus', 'malesuada.malesuada@hotmail.ca', 'EPJ70APG5AEJ', '2023-06-19', 'Halle', 3, NULL),
(294, 'Rivas', 'Kimberley', 'magna.a.tortor@aol.org', 'TKH18BUS9UYY', '2024-04-05', 'Deerlijk', 1, NULL),
(295, 'Kane', 'Richard', 'neque.vitae@aol.couk', 'BQV38ZQT5YCK', '2025-02-26', 'Sparwood', 1, NULL),
(296, 'Spencer', 'Sonia', 'imperdiet.dictum@yahoo.couk', 'DZF68TYU3JFX', '2024-12-29', 'Burlington', 2, NULL),
(297, 'Gaines', 'Raja', 'risus.nunc.ac@google.com', 'SJE70TYG2RHF', '2023-12-24', 'Flint', 2, NULL),
(298, 'Matthews', 'Cally', 'tincidunt.orci@protonmail.edu', 'PVD81WEI2KHX', '2023-05-12', 'Bexbach', 3, NULL),
(299, 'Stevens', 'Kennan', 'ligula.tortor@aol.net', 'ZGI36VDS7RLW', '2023-05-11', 'Frederick', 3, NULL),
(300, 'Carson', 'James', 'consequat.lectus@protonmail.com', 'NBX10VKC7VOD', '2024-10-31', 'Colmar', 1, NULL),
(301, 'Daniel', 'Darryl', 'lobortis.risus.in@google.com', 'LGJ79ROF7WTE', '2023-06-25', 'Heidelberg', 1, NULL),
(302, 'Cline', 'Bradley', 'quam@protonmail.org', 'SHW73YHM9PQM', '2024-02-13', 'Quenast', 2, NULL),
(303, 'Dorsey', 'Aladdin', 'dolor.nonummy.ac@yahoo.org', 'BAD55IOJ1DUE', '2024-05-02', 'Auburn', 2, NULL),
(304, 'Holmes', 'September', 'sit.amet@hotmail.org', 'KLU66LOJ2YYL', '2024-11-07', 'Worcester', 3, NULL),
(305, 'Cooke', 'Karen', 'vestibulum.ante.ipsum@yahoo.ca', 'PNV64KAK4PWT', '2024-11-24', 'Södertälje', 3, NULL),
(306, 'Sloan', 'Nola', 'quis.arcu@outlook.com', 'LLK91JWC1KAQ', '2023-08-01', 'Arviat', 1, NULL),
(307, 'Gilbert', 'Candace', 'enim.suspendisse@aol.edu', 'QZM11ETM7MFS', '2024-10-09', 'Châlons-en-Champagne', 1, NULL),
(308, 'Rodgers', 'Miranda', 'feugiat.nec@outlook.ca', 'DXJ23NEH5FYQ', '2023-03-29', 'Auburn', 2, NULL),
(309, 'Mosley', 'Eleanor', 'aliquam@outlook.edu', 'SPC10KMN9DRL', '2023-07-02', 'Upplands Väsby', 2, NULL),
(310, 'Reeves', 'Deborah', 'cursus.integer@yahoo.couk', 'WLW27FDP5DCT', '2025-01-12', 'Ockelbo', 3, NULL),
(311, 'Parks', 'Lydia', 'sociis.natoque@outlook.ca', 'ZMS52OKI0KAH', '2024-08-07', 'Lochristi', 3, NULL),
(312, 'Sharp', 'Irma', 'faucibus@aol.com', 'NAM38TLX2EYM', '2024-08-10', 'Sint-Joost-ten-Node', 1, NULL),
(313, 'Walton', 'Baxter', 'in@aol.net', 'DJF52PVB3GMD', '2025-02-28', 'Saint-Louis', 1, NULL),
(314, 'Golden', 'Madison', 'tincidunt.dui@yahoo.net', 'FKA32NYX5DBT', '2025-03-13', 'Hatfield', 2, NULL),
(315, 'Alvarado', 'Jasper', 'mauris@yahoo.edu', 'VMU41ACM3HYE', '2023-12-05', 'Uppingham. Cottesmore', 2, NULL),
(316, 'Schroeder', 'Sigourney', 'ante.vivamus.non@outlook.com', 'ORJ62OHT4LKK', '2024-05-23', 'Colwood', 3, NULL),
(317, 'Campbell', 'Ivana', 'neque.tellus.imperdiet@yahoo.com', 'PHB18PDF8LZV', '2023-04-06', 'Linköping', 3, NULL),
(318, 'Berg', 'Cailin', 'gravida.sagittis@icloud.couk', 'VBH49XMY8JDT', '2023-04-03', 'Norfolk', 1, NULL),
(319, 'Avila', 'Fritz', 'tempus.mauris.erat@protonmail.com', 'JRV06THU2KIP', '2023-10-29', 'Woodlands County', 1, NULL),
(320, 'Skinner', 'Brielle', 'nonummy.ut.molestie@yahoo.net', 'OIO13KGQ1SXL', '2023-10-07', 'Stonewall', 2, NULL),
(321, 'Mckinney', 'Julian', 'donec.consectetuer@protonmail.edu', 'MDQ61ODF8ELP', '2023-08-02', 'Springdale', 2, NULL),
(322, 'Robertson', 'Bruce', 'donec.nibh@outlook.net', 'JRE68KJJ4XOR', '2023-04-18', 'Bathurst', 3, NULL),
(323, 'Robles', 'Noble', 'consequat.auctor.nunc@protonmail.net', 'BKP74WMN1KXR', '2024-07-05', 'Haguenau', 3, NULL),
(324, 'Donaldson', 'Barbara', 'eget.venenatis@icloud.org', 'OSL06VTK7VIS', '2025-03-01', 'Tournefeuille', 1, NULL),
(325, 'Guthrie', 'Lee', 'dolor@hotmail.couk', 'VOL38VRG6PQP', '2023-12-04', 'Beaconsfield', 1, NULL),
(326, 'Spence', 'Rhiannon', 'non.sollicitudin.a@outlook.couk', 'FWY78WPJ8CTI', '2023-06-19', 'Turnhout', 2, NULL),
(327, 'Randolph', 'Nelle', 'tristique@google.org', 'TRC16OQB7DAH', '2025-02-22', 'Des Moines', 2, NULL),
(328, 'Buck', 'Darius', 'malesuada@protonmail.couk', 'EYH18QDF3XUR', '2024-10-01', 'Nässjö', 3, NULL),
(329, 'Lindsay', 'Allen', 'nec.urna@hotmail.couk', 'YHU66OMT3QNG', '2024-04-11', 'Jönköping', 3, NULL),
(330, 'Richardson', 'Noelani', 'praesent.interdum@icloud.ca', 'ZSM42QET7UPI', '2023-11-21', 'Phoenix', 1, NULL),
(331, 'Mejia', 'Alexandra', 'est@aol.com', 'DYO17BTI5HKC', '2024-10-22', 'Rae-Edzo', 1, NULL),
(332, 'Warren', 'Wade', 'vehicula@google.couk', 'GRN18NZK3ZPU', '2024-05-22', 'Glasgow', 2, NULL),
(333, 'English', 'Quinn', 'velit@protonmail.edu', 'IME44LDN3SPE', '2025-03-17', 'Montague', 2, NULL),
(334, 'Shepherd', 'Sybill', 'nascetur.ridiculus@protonmail.com', 'MNK81SQP9KFW', '2024-10-27', 'Aalst', 3, NULL),
(335, 'Little', 'Quamar', 'urna@google.couk', 'GXM85VLP8MFU', '2024-09-16', 'Waarmaarde', 3, NULL),
(336, 'Hubbard', 'Sara', 'cras@yahoo.couk', 'ASA74PHS3MFE', '2024-02-20', 'Greenock', 1, NULL),
(337, 'French', 'Susan', 'nisl@aol.ca', 'NYW15XSA6GXK', '2023-08-27', 'Karlsruhe', 1, NULL),
(338, 'Guy', 'Katelyn', 'sodales@hotmail.org', 'WJI49KBA5HEX', '2024-03-03', 'Cour-sur-Heure', 2, NULL),
(339, 'Lane', 'Caleb', 'nisi@google.org', 'MNQ22VGM9AHB', '2024-07-16', 'Knokke', 2, NULL),
(340, 'Rice', 'Urielle', 'quisque@yahoo.com', 'IDM25WBT6CIH', '2025-01-20', 'Lowell', 3, NULL),
(341, 'Velez', 'Russell', 'est.mauris.eu@icloud.com', 'NQV44TVO7PGX', '2024-05-20', 'Whithorn', 3, NULL),
(342, 'Chandler', 'Garrison', 'pellentesque.ultricies@outlook.couk', 'LHS44ONL1NXY', '2024-09-29', 'Neuruppin', 1, NULL),
(343, 'Mccarty', 'Jana', 'quis.accumsan@google.com', 'RRV10ASS7KCM', '2024-03-07', 'Jacksonville', 1, NULL),
(344, 'Ball', 'Brennan', 'eget.ipsum@google.couk', 'FLH15NAW1HLI', '2024-02-12', 'Lévis', 2, NULL),
(345, 'Kramer', 'Abdul', 'commodo.hendrerit@hotmail.org', 'XRH16BWH2JGG', '2023-11-09', 'Halle', 2, NULL),
(346, 'Tucker', 'Jonah', 'egestas@icloud.net', 'SIU86PDN1YJV', '2024-01-03', 'Clearwater Municipal District', 3, NULL),
(347, 'Burch', 'Brooke', 'augue.porttitor.interdum@outlook.edu', 'KCV93OYD6JUA', '2024-03-19', 'Stonewall', 3, NULL),
(348, 'Beach', 'Timothy', 'cum.sociis@hotmail.org', 'HCX63YGX8GGY', '2025-01-24', 'Cherbourg-Octeville', 1, NULL),
(349, 'Phelps', 'Chandler', 'nibh.vulputate@hotmail.com', 'XKM26YNG5TQS', '2024-09-20', 'Bochum', 1, NULL),
(350, 'Randolph', 'Daquan', 'felis.donec.tempor@outlook.org', 'PHH80BHE8FBV', '2024-02-24', 'Lerum', 2, NULL),
(351, 'Valencia', 'Drake', 'dignissim.lacus@yahoo.com', 'PXB47PFO7DBS', '2024-08-01', 'Reno', 2, NULL),
(352, 'Potts', 'Sylvester', 'aliquet.libero.integer@icloud.ca', 'VWU18VCI4VXL', '2023-05-18', 'Fernie', 3, NULL),
(353, 'Steele', 'Brooke', 'a.aliquet@icloud.edu', 'BPL26PVU6IHN', '2024-07-08', 'Bridgnorth', 3, NULL),
(354, 'Garrison', 'Shelly', 'lectus@hotmail.org', 'WTE93FAF8CCA', '2024-02-23', 'Fayetteville', 1, NULL),
(355, 'Todd', 'Shelby', 'imperdiet.dictum@protonmail.net', 'VUK19EVP8PXY', '2024-03-14', 'Temploux', 1, NULL),
(356, 'Lucas', 'Wylie', 'nunc.pulvinar@outlook.com', 'HRD16TNF4QAX', '2024-06-13', 'Forbach', 2, NULL),
(357, 'Garrett', 'Raymond', 'ornare.libero@aol.org', 'UDP14FVI5ERD', '2023-04-29', 'Columbus', 2, NULL),
(358, 'Alston', 'Murphy', 'sem.magna.nec@aol.couk', 'NXL58SWV4JUK', '2023-10-21', 'La Rochelle', 3, NULL),
(359, 'Good', 'Destiny', 'mauris.ipsum@protonmail.ca', 'HSD56VFE0EXI', '2024-06-26', 'Limoges', 3, NULL),
(360, 'Lewis', 'Serina', 'tempor.arcu@yahoo.org', 'XXQ55LMJ8GWX', '2025-03-16', 'Hamme', 1, NULL),
(361, 'Castro', 'Xena', 'semper.rutrum@protonmail.ca', 'QIU60CQN3ANO', '2024-07-02', 'Dieppe', 1, NULL),
(362, 'Nixon', 'Yetta', 'sagittis.felis@outlook.edu', 'QNB97RKC9KTR', '2025-02-16', 'Jönköping', 2, NULL),
(363, 'George', 'Harper', 'per.conubia@icloud.org', 'KPB15BNG8YNF', '2023-10-06', 'Forbach', 2, NULL),
(364, 'Lawson', 'Ayanna', 'dictum.cursus.nunc@google.net', 'KPC08OBD2PHG', '2023-07-04', 'Jönköping', 3, NULL),
(365, 'Alvarez', 'Adele', 'cras.lorem@google.couk', 'PEY28DXM1NLM', '2024-03-02', 'Houston', 3, NULL),
(366, 'Hendricks', 'Lee', 'integer.in@yahoo.ca', 'CQV97AUM0COO', '2023-05-06', 'New Orleans', 1, NULL),
(367, 'Duke', 'Merritt', 'nec.quam@aol.org', 'GIJ98CIP8WIL', '2023-08-14', 'Haverhill', 1, NULL),
(368, 'Ball', 'Timon', 'etiam.gravida@protonmail.ca', 'DBK58YTY2WFW', '2024-07-14', 'Ludvika', 2, NULL),
(369, 'Dawson', 'Adam', 'eleifend.nec@yahoo.ca', 'VUH63PYQ2RFH', '2024-12-28', 'Southend', 2, NULL),
(370, 'Trevino', 'Luke', 'erat.vivamus@protonmail.com', 'IQF79DNH4LOR', '2024-05-31', 'Tours', 3, NULL),
(371, 'Sawyer', 'Emery', 'lectus@yahoo.couk', 'COC68IJE8CHN', '2023-10-21', 'Hofors', 3, NULL),
(372, 'Everett', 'Gareth', 'mattis.ornare.lectus@icloud.net', 'FXT24ODR9XOX', '2023-12-19', 'Toronto', 1, NULL),
(373, 'Yang', 'Hu', 'nec@outlook.couk', 'YMW80DLD3HMA', '2024-06-14', 'Saarbrücken', 1, NULL),
(374, 'Cortez', 'Ursa', 'ligula@aol.net', 'ZKG31SMR2TMO', '2023-11-19', 'Leuze', 2, NULL),
(375, 'Richards', 'Phillip', 'rhoncus.nullam@aol.com', 'RGA22HVF4MNO', '2024-01-31', 'Anklam', 2, NULL),
(376, 'Rasmussen', 'Chase', 'nulla.donec@google.edu', 'ITX28GIV3ZVD', '2023-04-14', 'Saint-Denis', 3, NULL),
(377, 'Wolfe', 'TaShya', 'eleifend.non@hotmail.ca', 'AQM76QDS1EOQ', '2023-05-10', 'Northampton', 3, NULL),
(378, 'Bailey', 'Ruth', 'consectetuer.rhoncus.nullam@outlook.net', 'VCN18ARK7DTA', '2024-12-26', 'Clydebank', 1, NULL),
(379, 'Rivers', 'Upton', 'sed.dictum@aol.net', 'NFY78WHZ0NGD', '2023-05-31', 'Salzgitter', 1, NULL),
(380, 'Oneal', 'Plato', 'volutpat.nulla.dignissim@hotmail.ca', 'KUU57JGP0VAH', '2023-12-19', 'Neu-Ulm', 2, NULL),
(381, 'Callahan', 'Kim', 'morbi.metus@protonmail.ca', 'JBC23RNU2QHP', '2024-06-01', 'Thurso', 2, NULL),
(382, 'Mays', 'Candace', 'blandit.nam@icloud.couk', 'WCN07DQF8XFC', '2024-11-09', 'Ockelbo', 3, NULL),
(383, 'Manning', 'Wesley', 'aliquet.odio@google.couk', 'RCC13VIW4OFS', '2023-11-08', 'Angoulême', 3, NULL),
(384, 'Stephenson', 'Yasir', 'consequat.enim.diam@protonmail.ca', 'HUO62IXY4SQG', '2024-12-16', 'Cleveland', 1, NULL),
(385, 'Ratliff', 'Hasad', 'phasellus.elit@aol.ca', 'JUM68GKT5TFW', '2023-03-21', 'Chandler', 1, NULL),
(386, 'Deleon', 'Ayanna', 'sit.amet@hotmail.org', 'NCP25WCR4XRI', '2023-09-21', 'Haßloch', 2, NULL),
(387, 'Perry', 'Susan', 'lacus.varius.et@google.org', 'RGU34VNP2WFF', '2023-11-11', 'Finspång', 2, NULL),
(388, 'Lloyd', 'Kalia', 'sit.amet.orci@yahoo.com', 'CTK45MND2MMV', '2024-01-19', 'Harrisburg', 3, NULL),
(389, 'Nunez', 'Amy', 'ac@aol.couk', 'ZNQ48MHO5OJH', '2023-09-12', 'Charlottetown', 3, NULL),
(390, 'Graves', 'Ciara', 'commodo@icloud.com', 'TXC57ERC1MMP', '2023-03-24', 'Hamburg', 1, NULL),
(391, 'Hendrix', 'Lareina', 'aliquam@protonmail.couk', 'THA27VNL7ESY', '2025-01-03', 'Sint-Ulriks-Kapelle', 1, NULL),
(392, 'Lara', 'Thane', 'felis@aol.edu', 'HSV06OUC4BCN', '2024-01-09', 'Rostock', 2, NULL),
(393, 'Patrick', 'Fitzgerald', 'metus.sit.amet@icloud.ca', 'VTT17LWN2ZSC', '2023-06-28', 'Rugby', 2, NULL),
(394, 'Gentry', 'Larissa', 'sit.amet@protonmail.edu', 'XMU03NSC3WGU', '2024-01-25', 'Henstedt-Ulzburg', 3, NULL),
(395, 'Aguilar', 'Rebecca', 'nibh.sit@protonmail.edu', 'FQU84JHO1UMJ', '2024-07-12', 'Trollhättan', 3, NULL),
(396, 'Noel', 'Grant', 'curabitur@google.couk', 'ETG71SOU2OCA', '2023-05-31', 'Saint-Dié-des-Vosges', 1, NULL),
(397, 'Petty', 'Yuli', 'ullamcorper.velit.in@aol.org', 'VUW77GMS4KNQ', '2023-09-21', 'Lille', 1, NULL),
(398, 'Patel', 'Aline', 'ornare.egestas.ligula@aol.ca', 'RKE28CSW5RQN', '2023-06-06', 'Gullegem', 2, NULL),
(399, 'Pruitt', 'Anastasia', 'donec.egestas.duis@protonmail.net', 'QVG47QVW5DCB', '2024-10-26', 'Daknam', 2, NULL),
(400, 'Walton', 'Amal', 'egestas.aliquam@hotmail.couk', 'IIY51WYY1UYB', '2023-10-02', 'Driffield', 3, NULL),
(401, 'Burgess', 'Guy', 'leo.in.lobortis@protonmail.net', 'ZER62AYE6LWP', '2024-02-11', 'Kerkhove', 3, NULL),
(402, 'Velazquez', 'Jael', 'non@protonmail.edu', 'DDM44PDN2DJM', '2024-09-13', 'Berlin', 1, NULL),
(403, 'Ramirez', 'Harlan', 'tortor@protonmail.com', 'IBR63VSL4ETE', '2024-02-12', 'Lansing', 1, NULL),
(404, 'Perry', 'Amir', 'ut.pharetra@google.edu', 'DEH59HWD7WOB', '2023-06-27', 'Flensburg', 2, NULL),
(405, 'Barton', 'Mark', 'feugiat.lorem@protonmail.edu', 'XPU27OOI8UGP', '2025-02-05', 'Dijon', 2, NULL),
(406, 'Murray', 'Ina', 'viverra.donec.tempus@aol.org', 'MEU18HXT8GXX', '2024-12-27', 'Woutersbrakel', 3, NULL),
(407, 'Fox', 'Edan', 'nascetur@outlook.net', 'MHD30IUI4DJB', '2023-05-02', 'Fosses-la-Ville', 3, NULL),
(408, 'Mcfarland', 'Evan', 'lorem.lorem.luctus@google.ca', 'VWU17TXJ0GQV', '2024-03-24', 'Halle', 1, NULL),
(409, 'Boyd', 'Ori', 'cras@icloud.net', 'UUO63MKT8CMN', '2023-10-07', 'Sint-Pieters-Kapelle', 1, NULL),
(410, 'Deleon', 'Neil', 'massa.quisque.porttitor@yahoo.org', 'YEH09XSQ6ZDT', '2023-05-28', 'Hofors', 2, NULL),
(411, 'Clark', 'Elvis', 'convallis@yahoo.org', 'OOX74JRS3RJX', '2024-11-12', 'Rödermark', 2, NULL),
(412, 'Pollard', 'Ebony', 'ullamcorper.duis@protonmail.couk', 'MOQ05QKH1SKG', '2024-03-05', 'Macduff', 3, NULL),
(413, 'Woods', 'Ian', 'malesuada.fringilla@hotmail.ca', 'JLM38EVF1KIS', '2023-11-21', 'Halifax', 3, NULL),
(414, 'Wells', 'Emma', 'est.tempor@protonmail.com', 'SHM88MJS1TJL', '2024-12-02', 'Skövde', 1, NULL),
(415, 'Aguirre', 'Zeus', 'at@icloud.ca', 'UQY45GRS0CRM', '2023-11-08', 'Évreux', 1, NULL),
(416, 'Dunn', 'Hall', 'proin.sed@icloud.couk', 'RUU17KWO2RUT', '2024-01-05', 'Nässjö', 2, NULL),
(417, 'Day', 'Drew', 'ipsum.ac@protonmail.net', 'NDG48MII4KHR', '2024-07-12', 'Plauen', 2, NULL),
(418, 'Hyde', 'Germane', 'placerat.cras@yahoo.com', 'AWX29VHI2GLR', '2024-03-01', 'Annapolis County', 3, NULL),
(419, 'Vaughan', 'Davis', 'nulla.tempor@hotmail.ca', 'FGH44HBM7KTD', '2023-09-06', 'Sint-Joost-ten-Node', 3, NULL),
(420, 'Holden', 'Courtney', 'est@protonmail.ca', 'WHW71QYL2YTN', '2024-02-15', 'Stratford', 1, NULL),
(421, 'Patton', 'Lois', 'ornare.tortor.at@outlook.ca', 'NAT08NGO6XNY', '2024-03-15', 'Lac-Serent', 1, NULL),
(422, 'Osborne', 'Rinah', 'neque.morbi.quis@aol.couk', 'WBC12NBY3CQO', '2023-07-29', 'Dampremy', 2, NULL),
(423, 'Little', 'Cedric', 'aliquam.erat@google.edu', 'FFJ16UBX5FJC', '2024-05-14', 'New Orleans', 2, NULL),
(424, 'Shepherd', 'Jordan', 'pellentesque.tincidunt@google.couk', 'OZF32WGD6NNE', '2024-05-01', 'Wasseiges', 3, NULL),
(425, 'Richmond', 'Wang', 'urna.convallis@icloud.edu', 'QOK93BAQ5KSV', '2024-12-05', 'Cannock', 3, NULL),
(426, 'Lowe', 'Nita', 'pretium.neque@google.edu', 'IUM55KFJ4WCD', '2023-04-09', 'Stevenage', 1, NULL),
(427, 'Francis', 'Wanda', 'purus.duis@protonmail.couk', 'BGO43EEB8YET', '2023-10-07', 'Trier', 1, NULL),
(428, 'Wilkerson', 'Elvis', 'adipiscing.mauris.molestie@outlook.net', 'DLQ81TNE8YMG', '2023-10-26', 'Haguenau', 2, NULL),
(429, 'Carson', 'Keaton', 'interdum.ligula@icloud.net', 'LIH89HJW3LEG', '2024-10-01', 'Ludwigshafen', 2, NULL),
(430, 'Schneider', 'Jasmine', 'scelerisque.mollis.phasellus@yahoo.org', 'OPS60TGN4LRB', '2024-04-10', 'Haut-Ittre', 3, NULL),
(431, 'Barnes', 'Griffin', 'pellentesque.habitant@outlook.edu', 'YYY19TFG5QNN', '2023-08-11', 'Auldearn', 3, NULL),
(432, 'Rocha', 'Donovan', 'ligula.aenean@aol.org', 'BJJ05XDG8GAM', '2024-11-25', 'Broxburn', 1, NULL),
(433, 'Church', 'Aquila', 'volutpat.nunc@protonmail.com', 'QBT86XJV6OJP', '2023-10-16', 'Greater Sudbury', 1, NULL),
(434, 'Lang', 'Alisa', 'pellentesque.a@hotmail.edu', 'KJJ17MNP8KPM', '2024-02-03', 'Carbonear', 2, NULL),
(435, 'Donovan', 'Timothy', 'erat.eget.ipsum@protonmail.net', 'BEJ21OBJ1BWK', '2024-07-31', 'Buckingham', 2, NULL),
(436, 'Clarke', 'Nadine', 'ut.erat.sed@hotmail.ca', 'DWG72PNE1WKX', '2023-04-17', 'Georgia', 3, NULL),
(437, 'Snider', 'Patricia', 'ligula@yahoo.edu', 'BVM87LYG7CJA', '2024-12-13', 'Gaithersburg', 3, NULL),
(438, 'Franklin', 'Cheryl', 'ac@yahoo.couk', 'CJN92MJR8LNE', '2024-10-01', 'Lairg', 1, NULL),
(439, 'Skinner', 'Uriah', 'arcu.aliquam@aol.com', 'HMN69EPC9URR', '2023-10-05', 'Bollnäs', 1, NULL),
(440, 'Thornton', 'Kato', 'mauris.id@icloud.couk', 'XUK46TOK6RFU', '2024-02-09', 'Thurso', 2, NULL),
(441, 'Salas', 'Astra', 'sed.dictum@aol.edu', 'BIN62SAS4OCE', '2024-11-07', 'Linköping', 2, NULL),
(442, 'Porter', 'Athena', 'malesuada.vel@protonmail.org', 'LGM36VPP4VBG', '2024-01-26', 'Avesta', 3, NULL),
(443, 'Huff', 'Mikayla', 'id.erat@yahoo.couk', 'JYG74EUU4OLO', '2024-03-07', 'Chesapeake', 3, NULL),
(444, 'Tyler', 'Joelle', 'vitae.odio@yahoo.edu', 'TBH36MSN8QFR', '2024-07-26', 'Tavistock', 1, NULL),
(445, 'Poole', 'Mallory', 'vestibulum.ante@outlook.couk', 'VDC38CNC2CHF', '2023-04-26', 'Langenburg', 1, NULL),
(446, 'Le', 'Chloe', 'nulla.magna@icloud.org', 'OXW85BKT4GGO', '2024-12-07', 'Baltimore', 2, NULL),
(447, 'Holcomb', 'Simon', 'risus.donec@google.com', 'JNH94FYJ3JND', '2024-03-03', 'La Rochelle', 2, NULL),
(448, 'Solomon', 'Brady', 'ligula.aliquam@yahoo.edu', 'IDV48NCF1CQI', '2024-02-26', 'Braives', 3, NULL),
(449, 'York', 'Marsden', 'nunc.risus@yahoo.ca', 'THW25KPG4ZWC', '2024-09-07', 'Swansea', 3, NULL),
(450, 'Figueroa', 'Solomon', 'aliquam@outlook.edu', 'IVV74TGX3BXQ', '2023-12-14', 'Oberhausen', 1, NULL),
(451, 'Rios', 'Chanda', 'ante.iaculis@protonmail.net', 'SGK63NOW5ADQ', '2024-01-18', 'Bath', 1, NULL),
(452, 'Hicks', 'Teegan', 'aliquet.nec@aol.edu', 'GWB69HUG8NPT', '2024-11-15', 'Mjölby', 2, NULL),
(453, 'Swanson', 'Ashton', 'velit.aliquam.nisl@outlook.com', 'GGT10VXJ9YBR', '2023-07-27', 'Kirriemuir', 2, NULL),
(454, 'Cash', 'Elmo', 'dictum.magna@outlook.edu', 'WYF51UDS4KZQ', '2023-05-16', 'Morhet', 3, NULL),
(455, 'Petersen', 'Imelda', 'dictum.eu@icloud.edu', 'ATJ22KWI1ZUZ', '2023-08-02', 'East Linton', 3, NULL),
(456, 'Farley', 'Doris', 'vel@google.couk', 'FHL27GUY8BDQ', '2023-07-18', 'Yorkton', 1, NULL),
(457, 'Guzman', 'Zelda', 'lacus.aliquam@icloud.couk', 'GEB33FOM2FVX', '2023-11-18', 'Kailua', 1, NULL),
(458, 'Bradley', 'Hayes', 'proin.sed.turpis@hotmail.edu', 'VUL57ELB3WPQ', '2023-03-29', 'Linlithgow', 2, NULL),
(459, 'Knox', 'Daquan', 'nam@aol.net', 'PCG35PWL1MSQ', '2024-04-03', 'Omaha', 2, NULL),
(460, 'Wiggins', 'Shaeleigh', 'dolor.vitae.dolor@yahoo.org', 'NZO21VMC5KIG', '2024-05-08', 'Aalbeke', 3, NULL),
(461, 'Warner', 'Keiko', 'donec.egestas@yahoo.ca', 'RBL66LNC6FQS', '2024-12-28', 'Saint-Louis', 3, NULL),
(462, 'Anthony', 'Oliver', 'proin@aol.edu', 'IKJ24RMC7RSM', '2024-08-07', 'Langenhagen', 1, NULL),
(463, 'Avila', 'Kelly', 'lectus@aol.com', 'FSH74ZYR5IDO', '2023-05-11', 'Charleville-Mézières', 1, NULL),
(464, 'Gordon', 'Nolan', 'iaculis.odio.nam@hotmail.net', 'YNJ85CDJ2UJG', '2024-08-29', 'Irvine', 2, NULL),
(465, 'Harrell', 'Anthony', 'aliquam.ultrices.iaculis@icloud.edu', 'PEZ98XNP7GMC', '2023-03-23', 'Söderhamn', 2, NULL),
(466, 'Green', 'Alvin', 'elit.pellentesque@hotmail.net', 'GHW51GQT3XPL', '2023-04-11', 'Davenport', 3, NULL),
(467, 'Mclaughlin', 'Aladdin', 'laoreet.ipsum@icloud.org', 'IBO73QPW5QSD', '2024-01-05', 'Stirling', 3, NULL),
(468, 'Wong', 'Sebastian', 'pede.cum@google.ca', 'MRW86QOF4IJW', '2023-08-06', 'Sint-Kruis', 1, NULL),
(469, 'Salas', 'Amaya', 'consectetuer.adipiscing.elit@protonmail.org', 'FRN27PZH8DHW', '2023-09-02', 'Reims', 1, NULL),
(470, 'Huber', 'Willa', 'porttitor@icloud.edu', 'XIE18PFF8CDC', '2023-06-26', 'Görlitz', 2, NULL),
(471, 'Contreras', 'Bevis', 'interdum.nunc@hotmail.edu', 'JWJ81ULQ5BOS', '2023-11-14', 'Coleville Lake', 2, NULL),
(472, 'Richardson', 'Ginger', 'vulputate.posuere@aol.edu', 'UXV81IJQ7EBY', '2025-01-02', 'Jauchelette', 3, NULL),
(473, 'Peterson', 'Bryar', 'adipiscing.mauris@yahoo.net', 'CVF36KFR1YOO', '2024-09-06', 'Kuurne', 3, NULL),
(474, 'Castillo', 'Shoshana', 'magnis.dis.parturient@outlook.com', 'PIG33VHO4ITJ', '2023-12-12', 'Borlänge', 1, NULL),
(475, 'Newton', 'Clementine', 'at.nisi@outlook.com', 'JPD16TIL1VWR', '2024-09-18', 'Llangefni', 1, NULL),
(476, 'Ashley', 'Sydney', 'pede.nonummy@hotmail.edu', 'KSD78WKV2VKY', '2023-08-27', 'Vetlanda', 2, NULL),
(477, 'Padilla', 'Brian', 'bibendum.donec.felis@google.edu', 'XHI71KLE3AJP', '2023-05-04', 'Richmond', 2, NULL),
(478, 'Chavez', 'Hoyt', 'sed.sem@outlook.org', 'EBR50VLN7BCY', '2024-03-24', 'Charleville-Mézières', 3, NULL),
(479, 'Peterson', 'Brielle', 'sodales.nisi@protonmail.edu', 'AXS80BOU1ILP', '2024-08-03', 'Dijon', 3, NULL),
(480, 'Stevenson', 'Margaret', 'hendrerit.consectetuer.cursus@google.couk', 'SHQ22MDZ6VFB', '2025-02-23', 'Charlottetown', 1, NULL),
(481, 'Woods', 'Brenden', 'et.netus@aol.edu', 'YPI65RFA8PSJ', '2023-10-06', 'Saint-Malo', 1, NULL),
(482, 'Cotton', 'Basia', 'sociis.natoque.penatibus@outlook.ca', 'IKP25HYF1PYR', '2024-11-03', 'Lunel', 2, NULL);
INSERT INTO `user` (`id_user`, `nom`, `prenom`, `mail`, `mdp`, `date`, `ville`, `ref_fonction`, `ref_compagnie`) VALUES
(483, 'Levine', 'Regina', 'vitae.posuere@yahoo.ca', 'QRJ31YJK3UOI', '2023-07-20', 'Mülheim', 2, NULL),
(484, 'Cherry', 'Isabella', 'lectus.cum@yahoo.ca', 'OEW23UBT5IUV', '2023-09-29', 'Hantes-WihŽries', 3, NULL),
(485, 'Riley', 'Pearl', 'nulla@hotmail.edu', 'PDW23MXP5KNH', '2023-07-18', 'Hoyerswerda', 3, NULL),
(486, 'Bass', 'Jelani', 'vel.turpis@hotmail.org', 'UZB45UQD4YXY', '2024-06-30', 'Grand Island', 1, NULL),
(487, 'Bentley', 'Amal', 'tempor.augue.ac@google.edu', 'QWE97OJY1PZP', '2024-07-24', 'Pamel', 1, NULL),
(488, 'Suarez', 'Josephine', 'dignissim.lacus@hotmail.com', 'SIR75IKR5MQE', '2024-07-13', 'Witney', 2, NULL),
(489, 'Mcclure', 'Chadwick', 'malesuada.fames@icloud.ca', 'IOM88PXB4VIU', '2023-07-09', 'La Rochelle', 2, NULL),
(490, 'Knight', 'Neil', 'eros.nam@aol.net', 'YIH45PCE8HED', '2023-04-09', 'Nässjö', 3, NULL),
(491, 'Juarez', 'Anthony', 'magna.ut.tincidunt@protonmail.com', 'JQM28PWU1ATG', '2023-10-02', 'Fairbanks', 3, NULL),
(492, 'Wall', 'Steel', 'lobortis.mauris@aol.couk', 'CCO67NEL2YGG', '2023-10-02', 'Witney', 1, NULL),
(493, 'O\'connor', 'Barry', 'pede.nunc.sed@hotmail.net', 'ATO82NNF8IQW', '2024-08-29', 'North Battleford', 1, NULL),
(494, 'Rhodes', 'Burke', 'ac.metus@icloud.edu', 'BEZ72CTB5WGU', '2023-11-15', 'Knighton', 2, NULL),
(495, 'Thornton', 'Leilani', 'mauris@yahoo.com', 'SRT24GTE6KRL', '2023-09-11', 'Pittsburgh', 2, NULL),
(496, 'Savage', 'Iola', 'feugiat.tellus.lorem@yahoo.com', 'INS78SDN7FJN', '2024-03-16', 'Sète', 3, NULL),
(497, 'Mccormick', 'Lunea', 'maecenas@icloud.com', 'VYL63ACU7NHN', '2024-11-06', 'Winnipeg', 3, NULL),
(498, 'Higgins', 'Tyler', 'hymenaeos.mauris.ut@icloud.com', 'EGX14SFA6FIL', '2024-05-01', 'Limoges', 1, NULL),
(499, 'Kemp', 'Abigail', 'sed.molestie@aol.com', 'PWH33UNP4UUL', '2024-03-29', 'Hekelgem', 1, NULL),
(500, 'Key', 'Sybil', 'tortor@hotmail.org', 'MUG17KCC2WUT', '2023-07-09', 'Springfield', 2, NULL),
(501, 'Pratt', 'Hasad', 'orci.ut.sagittis@google.couk', 'PHF87JFX7QEG', '2024-05-23', 'Hinckley', 2, NULL),
(502, 'Rocha', 'Christen', 'rhoncus@hotmail.ca', 'IQF34STJ8HRD', '2023-10-26', 'Loppem', 3, NULL),
(503, 'George', 'Anika', 'sem@yahoo.ca', 'MKP30NPL6IUR', '2023-07-29', 'Rueil-Malmaison', 3, NULL),
(504, 'Chan', 'Ryder', 'metus.eu@icloud.edu', 'IGB01FYY6JCR', '2023-04-04', 'Bochum', 1, NULL),
(505, 'Sosa', 'Dale', 'porttitor@outlook.com', 'PQH48TVQ5IUU', '2023-04-02', 'Cumbernauld', 1, NULL),
(506, 'ROOT', 'Root', 'root@gmail.com', '$2y$10$Qeqdbt92o7IA8fgov5W6Tuo2cVwYKozShAeBIySjnMxlIukAFK0Me', '2024-03-24', 'root', 4, NULL);

-- --------------------------------------------------------

--
-- Structure de la table `userconge`
--

DROP TABLE IF EXISTS `userconge`;
CREATE TABLE IF NOT EXISTS `userconge` (
  `ref_user` int NOT NULL,
  `ref_conge` int NOT NULL,
  PRIMARY KEY (`ref_user`,`ref_conge`),
  KEY `fk_userconge_conge` (`ref_conge`)
) ENGINE=InnoDB DEFAULT CHARSET=utf8mb4 COLLATE=utf8mb4_0900_ai_ci;

-- --------------------------------------------------------

--
-- Structure de la table `uservol`
--

DROP TABLE IF EXISTS `uservol`;
CREATE TABLE IF NOT EXISTS `uservol` (
  `ref_user` int NOT NULL,
  `ref_vol` int NOT NULL,
  `nbr_billet` int NOT NULL,
  PRIMARY KEY (`ref_user`,`ref_vol`),
  KEY `fk_uservol_vol` (`ref_vol`)
) ENGINE=InnoDB DEFAULT CHARSET=utf8mb4 COLLATE=utf8mb4_0900_ai_ci;

-- --------------------------------------------------------

--
-- Structure de la table `ville`
--

DROP TABLE IF EXISTS `ville`;
CREATE TABLE IF NOT EXISTS `ville` (
  `id_ville` int NOT NULL AUTO_INCREMENT,
  `nom` varchar(100) NOT NULL,
  `ref_pays` int NOT NULL,
  PRIMARY KEY (`id_ville`),
  KEY `fk_ville_pays` (`ref_pays`)
) ENGINE=InnoDB AUTO_INCREMENT=251 DEFAULT CHARSET=utf8mb4 COLLATE=utf8mb4_0900_ai_ci;

--
-- Déchargement des données de la table `ville`
--

INSERT INTO `ville` (`id_ville`, `nom`, `ref_pays`) VALUES
(1, 'Pietermaritzburg', 12),
(2, 'Kohima', 1),
(3, 'Waidhofen an der Ybbs', 22),
(4, 'Vinnytsia', 67),
(5, 'Mottola', 11),
(6, 'Dresden', 65),
(7, 'Cebu City', 76),
(8, 'Tongyeong', 37),
(9, 'Kyiv', 86),
(10, 'Mandai', 57),
(11, 'Dublin', 52),
(12, 'Samarinda', 80),
(13, 'Pinetown', 19),
(14, 'Przemyśl', 69),
(15, 'Galway', 26),
(16, 'Alkmaar', 35),
(17, 'Landau', 53),
(18, 'Whitehorse', 22),
(19, 'Arica', 50),
(20, 'Lipetsk', 52),
(21, 'Carovilli', 4),
(22, 'Beijing', 62),
(23, 'Grimma', 54),
(24, 'Andernach', 68),
(25, 'Paz de Ariporo', 47),
(26, 'Gore', 45),
(27, 'Kharabali', 7),
(28, 'Ashburton', 69),
(29, 'Celaya', 3),
(30, 'Sneek', 68),
(31, 'Gboko', 70),
(32, 'Neelum Valley', 9),
(33, 'Chiclayo', 15),
(34, 'Warszawa', 54),
(35, 'Cheyenne', 6),
(36, 'Talara', 50),
(37, 'Banda Aceh', 14),
(38, 'Chapadinha', 45),
(39, 'Perquenco', 69),
(40, 'Kaliningrad', 79),
(41, 'Bandar Lampung', 83),
(42, 'Lestizza', 67),
(43, 'Yaroslavl', 40),
(44, 'Ålesund', 17),
(45, 'Pacoa', 37),
(46, 'Te Awamutu', 9),
(47, 'Deutschkreutz', 56),
(48, 'Minderhout', 21),
(49, 'Aizwal', 65),
(50, 'Jhang', 84),
(51, 'Nazilli', 12),
(52, 'Ulundi', 40),
(53, 'Saint-Dizier', 24),
(54, 'Serang', 78),
(55, 'Sulzano', 63),
(56, 'Barranca', 36),
(57, 'Yishun', 59),
(58, 'Carmen de Bolivar', 75),
(59, 'Rochester', 43),
(60, 'Pacoa', 86),
(61, 'Finspång', 19),
(62, 'Tumba', 50),
(63, 'Ensenada', 15),
(64, 'Rotorua', 16),
(65, 'San Pablo', 30),
(66, 'Port Nolloth', 17),
(67, 'Jilin', 55),
(68, 'Tarbes', 61),
(69, 'Port Lincoln', 53),
(70, 'Cajamarca', 20),
(71, 'Lota', 12),
(72, 'Ripacandida', 36),
(73, 'Ciudad Madero', 59),
(74, 'Wonju', 75),
(75, 'Berdiansk', 16),
(76, 'Leipzig', 49),
(77, 'Surigao City', 31),
(78, 'Tønsberg', 43),
(79, 'Panjim', 74),
(80, 'Haridwar', 37),
(81, 'Exeter', 88),
(82, 'Bonavista', 5),
(83, 'Ospedaletto Lodigiano', 73),
(84, 'Pontarlier', 55),
(85, 'Mielec', 46),
(86, 'Brodick', 59),
(87, 'Kufstein', 78),
(88, 'Gijón', 22),
(89, 'Serang', 77),
(90, 'Mexico City', 73),
(91, 'Badalona', 39),
(92, 'Iguala', 85),
(93, 'Mersin', 88),
(94, 'Hồ Chí Minh City', 62),
(95, 'Palembang', 58),
(96, 'Guaitecas', 43),
(97, 'Albi', 79),
(98, 'Tuas', 11),
(99, 'Bodø', 53),
(100, 'Torres del Paine', 14),
(101, 'Bollnäs', 14),
(102, 'Ninh Giang', 34),
(103, 'Hyères', 72),
(104, 'Cumaribo', 76),
(105, 'Florø', 14),
(106, 'Essex', 20),
(107, 'Krefeld', 48),
(108, 'Quesada', 4),
(109, 'Kotli', 35),
(110, 'Laramie', 39),
(111, 'Jiutepec', 33),
(112, 'Piracicaba', 66),
(113, 'Bad Oldesloe', 79),
(114, 'Alacant', 63),
(115, 'Liaoning', 16),
(116, 'Vichte', 29),
(117, 'Şereflikoçhisar', 16),
(118, 'Tehuacán', 18),
(119, 'Seogwipo', 63),
(120, 'Puerto Princesa', 22),
(121, 'Saravena', 19),
(122, 'Silvan', 33),
(123, 'San Felice a Cancello', 90),
(124, 'Seosan', 51),
(125, 'Minneapolis', 68),
(126, 'Ananindeua', 5),
(127, 'Boulogne-sur-Mer', 84),
(128, 'Seattle', 43),
(129, 'Berlin', 83),
(130, 'Itanagar', 1),
(131, 'Palencia', 32),
(132, 'Navojoa', 8),
(133, 'Bislig', 44),
(134, 'Petrolina', 40),
(135, 'Porsgrunn', 53),
(136, 'Calle Larga', 12),
(137, 'Dublin', 74),
(138, 'Sìn Hồ', 78),
(139, 'Kurgan', 36),
(140, 'Kremenchuk', 6),
(141, 'Lerwick', 50),
(142, 'Kavaratti', 76),
(143, 'Sechura', 70),
(144, 'Mersin', 67),
(145, 'Vienna', 59),
(146, 'Erembodegem', 79),
(147, 'Melton', 27),
(148, 'Sincelejo', 83),
(149, 'Waitara', 80),
(150, 'Wambeek', 10),
(151, 'Xinjiang', 87),
(152, 'Tarsus', 49),
(153, 'Edmundston', 33),
(154, 'Volgograd', 73),
(155, 'Lugo', 46),
(156, 'Rangiora', 43),
(157, 'Choa Chu Kang', 60),
(158, 'Matiari', 38),
(159, 'Temuco', 69),
(160, 'Brandon', 59),
(161, 'Cumbernauld', 30),
(162, 'Mildura', 89),
(163, 'River Valley', 25),
(164, 'Minna', 3),
(165, 'Lapu-Lapu City', 55),
(166, 'Kitsman', 67),
(167, 'Cumaribo', 6),
(168, 'Iquique', 66),
(169, 'Bannu', 9),
(170, 'Arica', 31),
(171, 'Lào Cai', 87),
(172, 'Hofors', 73),
(173, 'Okigwe', 64),
(174, 'Istanbul', 45),
(175, 'Stourbridge', 9),
(176, 'Beijing', 73),
(177, 'Cork', 17),
(178, 'Villahermosa', 87),
(179, 'Wambeek', 55),
(180, 'Białystok', 86),
(181, 'Florianópolis', 65),
(182, 'Ansfelden', 89),
(183, 'Pabianice', 32),
(184, 'Shostka', 75),
(185, 'Voronezh', 36),
(186, 'Sakhalin', 44),
(187, 'Museum', 26),
(188, 'Igboho', 14),
(189, 'Kohima', 66),
(190, 'Camiña', 22),
(191, 'Tregaron', 28),
(192, 'Tula', 89),
(193, 'Aurora', 18),
(194, 'Iquitos', 24),
(195, 'Denny', 54),
(196, 'Nashville', 77),
(197, 'Trondheim', 39),
(198, 'Pleiku', 87),
(199, 'Redcliffe', 14),
(200, 'Coupar Angus', 66),
(201, 'Palma de Mallorca', 74),
(202, 'San Pablo', 26),
(203, 'Tejar', 84),
(204, 'Florencia', 64),
(205, 'Querétaro', 43),
(206, 'Chungju', 5),
(207, 'Cork', 62),
(208, 'Tokoroa', 31),
(209, 'Bathurst', 66),
(210, 'Porvenir', 5),
(211, 'Maranguape', 55),
(212, 'Semarang', 49),
(213, 'Kroonstad', 80),
(214, 'Blois', 33),
(215, 'Berlin', 7),
(216, 'Kawerau', 44),
(217, 'Dutse', 22),
(218, 'Jamshoro', 60),
(219, 'Ipís', 3),
(220, 'Cáceres', 35),
(221, 'Palangka Raya', 71),
(222, 'Guadalupe', 56),
(223, 'Stratford-upon-Avon', 62),
(224, 'Zirl', 25),
(225, 'Franeker', 32),
(226, 'Mercedes', 30),
(227, 'Linköping', 44),
(228, 'Charlottetown', 79),
(229, 'Norrköping', 70),
(230, 'Yongin', 24),
(231, 'Wolfurt', 54),
(232, 'Diamer', 66),
(233, 'MalŽves-Sainte-Marie-Wastines', 88),
(234, 'Nives', 54),
(235, 'Kremenchuk', 30),
(236, 'Jakarta', 24),
(237, 'Palembang', 24),
(238, 'Deutschkreutz', 56),
(239, 'Darwin', 86),
(240, 'Tver', 22),
(241, 'Okigwe', 89),
(242, 'Avesta', 79),
(243, 'Larvik', 42),
(244, 'Edremit', 4),
(245, 'Kisi', 26),
(246, 'Vĩnh Yên', 12),
(247, 'Shreveport', 54),
(248, 'Passi', 76),
(249, 'Santa Cruz de Tenerife', 80),
(250, 'Silverton', 82);

-- --------------------------------------------------------

--
-- Structure de la table `vol`
--

DROP TABLE IF EXISTS `vol`;
CREATE TABLE IF NOT EXISTS `vol` (
  `id_vol` int NOT NULL AUTO_INCREMENT,
  `date` date NOT NULL,
  `heure_emb` time NOT NULL,
  `heure_dep` time NOT NULL,
  `heure_arr` time NOT NULL,
  `prix` float NOT NULL,
  `classe` varchar(100) NOT NULL,
  `ref_compagnie` int NOT NULL,
  `ref_destination` int NOT NULL,
  `ref_avion` int NOT NULL,
  `ref_pilote` int NOT NULL,
  PRIMARY KEY (`id_vol`),
  KEY `fk_vol_companie` (`ref_compagnie`),
  KEY `fk_vol_avion` (`ref_avion`),
  KEY `fk_vol_destination` (`ref_destination`),
  KEY `fk_vol_user` (`ref_pilote`)
) ENGINE=InnoDB AUTO_INCREMENT=251 DEFAULT CHARSET=utf8mb4 COLLATE=utf8mb4_0900_ai_ci;

--
-- Déchargement des données de la table `vol`
--

INSERT INTO `vol` (`id_vol`, `date`, `heure_emb`, `heure_dep`, `heure_arr`, `prix`, `classe`, `ref_compagnie`, `ref_destination`, `ref_avion`, `ref_pilote`) VALUES
(1, '2024-04-15', '22:14:44', '20:03:15', '16:41:00', 445, 'Première', 9, 9, 37, 404),
(2, '2024-08-19', '01:20:23', '11:53:02', '17:14:01', 311, 'Première', 8, 86, 37, 382),
(3, '2024-10-19', '23:00:40', '10:55:35', '12:23:00', 124, 'Economique', 8, 60, 32, 414),
(4, '2023-06-22', '02:23:29', '09:06:36', '22:06:35', 377, 'Economique', 13, 36, 25, 185),
(5, '2023-07-13', '15:15:52', '16:25:50', '13:27:15', 543, 'Affaire', 13, 93, 8, 16),
(6, '2025-02-16', '17:05:21', '03:35:33', '08:51:24', 654, 'Affaire', 4, 76, 27, 370),
(7, '2023-09-01', '09:07:28', '17:38:45', '02:27:48', 136, 'Première', 13, 63, 12, 419),
(8, '2023-05-08', '21:48:58', '10:10:51', '06:48:20', 603, 'Première', 12, 83, 24, 360),
(9, '2024-08-05', '10:59:43', '17:20:21', '04:44:18', 392, 'Economique', 12, 77, 8, 10),
(10, '2024-11-24', '18:03:59', '19:02:14', '19:18:43', 499, 'Economique', 3, 12, 31, 466),
(11, '2023-09-01', '19:44:46', '11:44:19', '16:23:38', 748, 'Affaire', 12, 12, 41, 446),
(12, '2024-04-15', '17:20:07', '21:13:31', '01:14:17', 390, 'Affaire', 3, 61, 13, 418),
(13, '2023-10-29', '09:11:56', '05:48:11', '14:16:17', 743, 'Première', 4, 76, 13, 88),
(14, '2024-08-09', '04:58:40', '17:45:03', '09:43:50', 648, 'Première', 14, 86, 13, 407),
(15, '2024-09-27', '15:21:09', '11:29:38', '06:08:44', 120, 'Economique', 4, 48, 15, 432),
(16, '2023-05-20', '10:25:55', '08:38:34', '17:49:38', 706, 'Economique', 13, 48, 29, 401),
(17, '2025-01-19', '23:26:17', '15:15:46', '08:33:38', 390, 'Affaire', 3, 75, 29, 333),
(18, '2024-11-15', '11:09:37', '05:04:12', '10:01:02', 332, 'Affaire', 6, 41, 41, 350),
(19, '2023-08-25', '00:05:30', '14:11:10', '12:50:29', 190, 'Première', 1, 43, 42, 263),
(20, '2025-02-04', '13:57:48', '08:01:26', '18:08:09', 602, 'Première', 4, 97, 36, 399),
(21, '2024-01-12', '04:41:35', '15:11:12', '10:04:08', 352, 'Economique', 3, 40, 14, 112),
(22, '2024-05-04', '22:40:10', '01:03:08', '20:57:07', 148, 'Economique', 6, 64, 34, 360),
(23, '2023-09-02', '21:37:24', '04:03:55', '16:18:24', 452, 'Affaire', 8, 27, 5, 426),
(24, '2024-01-12', '23:29:02', '15:38:14', '23:21:51', 134, 'Affaire', 9, 99, 40, 459),
(25, '2024-01-18', '09:30:16', '19:17:41', '00:53:58', 135, 'Première', 5, 78, 15, 159),
(26, '2025-01-14', '23:57:29', '17:04:36', '01:23:20', 484, 'Première', 7, 12, 8, 105),
(27, '2024-11-02', '20:10:45', '16:33:57', '06:47:55', 279, 'Economique', 14, 96, 15, 181),
(28, '2024-03-08', '07:35:40', '14:23:01', '08:00:36', 518, 'Economique', 8, 32, 9, 435),
(29, '2024-02-25', '23:01:01', '11:04:26', '08:45:17', 704, 'Affaire', 9, 24, 33, 23),
(30, '2024-11-03', '16:59:36', '16:57:35', '16:45:39', 647, 'Affaire', 12, 24, 7, 493),
(31, '2023-11-20', '23:12:07', '15:33:22', '19:57:28', 414, 'Première', 13, 43, 44, 24),
(32, '2023-08-01', '13:54:12', '13:40:56', '10:24:17', 685, 'Première', 4, 11, 15, 68),
(33, '2023-08-27', '02:27:19', '00:34:49', '19:47:59', 161, 'Economique', 14, 64, 6, 185),
(34, '2025-01-15', '08:17:25', '00:55:37', '10:49:03', 396, 'Economique', 12, 79, 5, 141),
(35, '2025-02-17', '15:53:59', '04:45:34', '09:24:25', 456, 'Affaire', 4, 45, 12, 309),
(36, '2023-10-15', '09:07:05', '22:37:06', '16:33:23', 425, 'Affaire', 5, 17, 31, 121),
(37, '2023-12-06', '13:46:22', '14:58:33', '13:04:51', 330, 'Première', 11, 52, 6, 293),
(38, '2024-01-19', '12:51:05', '04:52:49', '12:02:14', 768, 'Première', 6, 38, 20, 484),
(39, '2024-12-31', '23:03:44', '20:25:23', '21:42:34', 661, 'Economique', 12, 17, 20, 293),
(40, '2025-01-13', '08:57:08', '07:40:40', '19:06:11', 442, 'Economique', 13, 2, 50, 114),
(41, '2024-11-06', '22:55:15', '12:50:18', '11:23:32', 730, 'Affaire', 2, 45, 3, 44),
(42, '2024-10-04', '14:39:01', '08:27:06', '20:21:15', 244, 'Affaire', 3, 93, 48, 393),
(43, '2024-03-10', '05:11:47', '16:56:56', '13:15:14', 670, 'Première', 7, 28, 39, 428),
(44, '2023-10-09', '09:54:47', '07:36:29', '20:05:53', 599, 'Première', 14, 53, 4, 344),
(45, '2023-09-17', '14:39:15', '04:02:32', '02:52:00', 209, 'Economique', 1, 82, 10, 175),
(46, '2024-07-07', '04:33:02', '08:52:56', '15:40:50', 703, 'Economique', 7, 63, 42, 168),
(47, '2025-01-24', '13:02:42', '03:55:20', '03:18:04', 208, 'Affaire', 5, 54, 42, 450),
(48, '2024-11-01', '20:43:34', '18:25:16', '16:23:58', 430, 'Affaire', 8, 78, 41, 241),
(49, '2023-07-21', '01:15:37', '08:36:37', '14:21:34', 243, 'Première', 3, 87, 35, 336),
(50, '2024-06-02', '01:17:22', '13:40:25', '16:30:30', 282, 'Première', 9, 92, 17, 21),
(51, '2024-12-10', '02:16:31', '04:03:13', '08:01:39', 390, 'Economique', 2, 58, 6, 483),
(52, '2023-09-13', '09:41:27', '07:46:18', '10:22:12', 406, 'Economique', 9, 83, 15, 146),
(53, '2025-03-15', '06:32:45', '12:21:18', '22:26:57', 658, 'Affaire', 10, 73, 7, 69),
(54, '2024-02-08', '08:49:13', '16:09:25', '18:51:54', 118, 'Affaire', 11, 93, 25, 481),
(55, '2024-11-04', '10:15:57', '12:06:11', '15:43:58', 182, 'Première', 11, 34, 18, 492),
(56, '2023-12-26', '22:07:35', '19:55:41', '12:33:43', 228, 'Première', 5, 65, 47, 246),
(57, '2024-09-01', '02:59:41', '00:18:52', '00:16:00', 158, 'Economique', 9, 86, 21, 63),
(58, '2024-02-27', '11:50:56', '13:14:04', '12:21:02', 538, 'Economique', 8, 25, 11, 174),
(59, '2023-07-05', '21:50:36', '19:09:08', '01:07:09', 586, 'Affaire', 4, 94, 30, 131),
(60, '2023-05-06', '09:08:06', '03:19:03', '20:25:35', 182, 'Affaire', 6, 42, 7, 353),
(61, '2023-11-05', '05:49:37', '04:51:20', '20:02:58', 370, 'Première', 8, 20, 34, 473),
(62, '2024-09-15', '06:05:56', '05:04:46', '11:13:15', 675, 'Première', 11, 15, 18, 11),
(63, '2023-12-02', '22:21:43', '17:27:57', '00:58:20', 103, 'Economique', 12, 3, 26, 336),
(64, '2023-07-06', '07:41:41', '01:39:00', '11:10:01', 389, 'Economique', 1, 52, 15, 353),
(65, '2023-09-05', '12:14:18', '04:36:32', '14:57:24', 775, 'Affaire', 3, 69, 12, 327),
(66, '2023-04-01', '05:12:02', '05:50:34', '22:17:52', 740, 'Affaire', 9, 38, 22, 398),
(67, '2023-04-17', '14:17:24', '11:29:09', '20:58:46', 343, 'Première', 4, 35, 9, 87),
(68, '2023-11-23', '02:33:04', '15:55:42', '07:41:55', 551, 'Première', 13, 37, 16, 154),
(69, '2024-12-09', '03:47:16', '16:40:45', '05:01:02', 114, 'Economique', 9, 24, 33, 324),
(70, '2024-09-24', '00:08:46', '01:09:05', '10:26:03', 637, 'Economique', 12, 96, 36, 490),
(71, '2024-01-16', '16:04:23', '20:58:48', '06:26:23', 699, 'Affaire', 2, 81, 29, 58),
(72, '2024-07-13', '23:06:12', '13:15:42', '13:09:14', 705, 'Affaire', 7, 47, 26, 245),
(73, '2024-10-07', '16:23:24', '12:43:26', '19:56:46', 594, 'Première', 6, 50, 22, 225),
(74, '2023-07-12', '05:22:16', '10:43:03', '04:18:34', 748, 'Première', 5, 12, 24, 300),
(75, '2023-08-19', '03:16:56', '19:35:04', '13:35:24', 347, 'Economique', 7, 11, 15, 240),
(76, '2023-08-17', '09:45:04', '17:53:14', '09:28:21', 668, 'Economique', 6, 70, 6, 485),
(77, '2023-07-06', '11:20:00', '21:36:21', '06:15:09', 127, 'Affaire', 15, 31, 10, 300),
(78, '2024-09-26', '13:13:10', '03:34:18', '17:56:20', 179, 'Affaire', 5, 34, 6, 170),
(79, '2024-11-08', '05:36:53', '00:09:11', '11:56:55', 544, 'Première', 4, 54, 31, 101),
(80, '2024-09-08', '18:58:37', '04:15:28', '11:53:23', 482, 'Première', 2, 67, 33, 171),
(81, '2024-10-28', '18:08:05', '10:25:54', '00:42:32', 699, 'Economique', 9, 1, 6, 213),
(82, '2024-12-02', '20:43:49', '16:31:03', '01:13:52', 464, 'Economique', 8, 79, 19, 154),
(83, '2024-12-31', '01:03:27', '06:56:26', '17:31:47', 291, 'Affaire', 3, 9, 47, 221),
(84, '2023-03-30', '00:22:37', '05:43:02', '10:57:48', 213, 'Affaire', 13, 87, 43, 213),
(85, '2024-08-02', '16:58:14', '20:19:55', '07:24:45', 127, 'Première', 14, 34, 7, 219),
(86, '2023-08-02', '07:12:42', '16:28:36', '04:29:55', 384, 'Première', 7, 79, 22, 101),
(87, '2023-09-08', '05:30:55', '21:05:47', '11:00:48', 135, 'Economique', 12, 64, 27, 445),
(88, '2025-02-14', '19:22:49', '17:10:00', '13:05:42', 170, 'Economique', 7, 30, 36, 63),
(89, '2023-05-20', '14:35:01', '23:31:46', '00:55:32', 761, 'Affaire', 5, 60, 6, 13),
(90, '2024-03-11', '17:35:22', '12:54:18', '15:48:48', 557, 'Affaire', 9, 50, 48, 19),
(91, '2024-06-18', '13:23:28', '16:05:53', '07:29:31', 611, 'Première', 2, 75, 17, 211),
(92, '2023-10-17', '23:23:17', '03:20:38', '08:44:30', 669, 'Première', 2, 93, 39, 190),
(93, '2024-01-15', '23:08:09', '21:22:10', '04:23:07', 103, 'Economique', 10, 100, 43, 448),
(94, '2025-02-13', '08:00:50', '12:47:12', '20:30:44', 181, 'Economique', 1, 30, 15, 435),
(95, '2023-09-09', '15:47:19', '21:20:43', '21:35:01', 667, 'Affaire', 5, 4, 14, 477),
(96, '2024-12-24', '22:48:42', '01:25:19', '14:01:39', 797, 'Affaire', 5, 41, 20, 324),
(97, '2025-02-03', '12:26:35', '12:41:53', '14:23:33', 645, 'Première', 6, 83, 3, 432),
(98, '2025-02-11', '22:30:37', '11:51:09', '13:57:26', 351, 'Première', 14, 76, 34, 139),
(99, '2023-11-02', '22:02:21', '06:04:31', '03:35:38', 125, 'Economique', 2, 50, 16, 447),
(100, '2024-09-09', '04:54:18', '00:36:46', '02:28:54', 758, 'Economique', 1, 52, 4, 250),
(101, '2023-10-09', '07:02:23', '01:11:25', '05:42:43', 240, 'Affaire', 6, 35, 2, 83),
(102, '2025-02-04', '10:35:11', '05:50:10', '12:59:41', 420, 'Affaire', 11, 54, 23, 368),
(103, '2024-02-01', '13:12:11', '13:41:28', '14:17:13', 101, 'Première', 13, 69, 18, 279),
(104, '2023-06-30', '01:56:12', '23:57:46', '19:18:10', 679, 'Première', 6, 47, 17, 397),
(105, '2025-01-28', '11:39:32', '20:42:12', '01:22:09', 699, 'Economique', 7, 41, 50, 145),
(106, '2024-06-14', '22:22:46', '03:16:26', '21:32:42', 149, 'Economique', 11, 67, 14, 1),
(107, '2024-02-05', '01:23:35', '12:02:43', '12:36:36', 486, 'Affaire', 9, 27, 31, 402),
(108, '2023-04-24', '20:43:56', '15:46:35', '17:12:02', 327, 'Affaire', 7, 83, 8, 128),
(109, '2024-11-07', '10:15:58', '17:51:58', '17:00:49', 618, 'Première', 7, 93, 4, 86),
(110, '2023-09-21', '00:21:05', '15:36:47', '06:49:23', 189, 'Première', 8, 76, 9, 20),
(111, '2023-07-24', '06:53:28', '12:33:19', '00:06:49', 395, 'Economique', 4, 72, 13, 248),
(112, '2024-02-10', '12:52:19', '11:11:41', '00:07:02', 381, 'Economique', 8, 40, 9, 385),
(114, '2023-12-25', '09:53:04', '00:21:09', '07:05:27', 516, 'Affaire', 7, 77, 23, 391),
(115, '2024-07-26', '07:39:43', '20:31:01', '22:29:42', 296, 'Première', 8, 38, 28, 227),
(116, '2024-06-20', '13:38:41', '17:24:19', '14:02:39', 484, 'Première', 6, 29, 7, 470),
(117, '2024-03-08', '07:25:00', '01:42:16', '13:09:30', 572, 'Economique', 7, 32, 43, 85),
(118, '2025-01-15', '08:38:02', '10:59:51', '10:11:25', 502, 'Economique', 4, 54, 10, 181),
(119, '2023-05-10', '18:07:36', '18:04:05', '22:37:49', 304, 'Affaire', 11, 79, 25, 11),
(120, '2024-09-05', '20:59:43', '12:27:58', '04:35:47', 185, 'Affaire', 3, 66, 8, 223),
(121, '2024-03-15', '07:08:24', '10:49:24', '13:54:26', 420, 'Première', 13, 82, 24, 280),
(122, '2024-03-29', '10:45:01', '02:41:29', '02:37:21', 138, 'Première', 13, 14, 5, 368),
(123, '2023-05-13', '04:15:29', '02:09:03', '20:43:24', 687, 'Economique', 8, 8, 6, 239),
(124, '2023-05-04', '15:24:41', '18:20:52', '16:52:07', 334, 'Economique', 11, 22, 37, 178),
(125, '2024-07-19', '06:18:21', '15:16:31', '21:58:34', 569, 'Affaire', 4, 96, 11, 39),
(126, '2023-04-02', '05:05:23', '08:05:18', '13:35:47', 124, 'Affaire', 1, 19, 25, 30),
(127, '2023-05-15', '08:47:39', '07:46:34', '22:07:27', 550, 'Première', 10, 56, 8, 37),
(128, '2024-06-19', '04:23:35', '21:55:14', '12:09:08', 553, 'Première', 2, 15, 9, 416),
(129, '2023-06-21', '20:10:11', '20:01:18', '16:48:27', 742, 'Economique', 9, 72, 35, 475),
(130, '2025-03-15', '16:45:43', '14:39:39', '11:52:47', 367, 'Economique', 5, 43, 30, 295),
(131, '2024-10-22', '12:26:08', '14:37:20', '01:46:51', 431, 'Affaire', 5, 73, 10, 497),
(132, '2024-10-03', '16:54:17', '11:42:10', '21:33:39', 109, 'Affaire', 14, 25, 38, 452),
(133, '2024-05-05', '13:10:06', '01:38:54', '18:28:44', 441, 'Première', 6, 73, 34, 84),
(134, '2023-04-27', '08:26:02', '05:42:56', '22:01:47', 653, 'Première', 4, 4, 39, 383),
(135, '2023-07-24', '06:59:50', '16:24:02', '07:30:58', 577, 'Economique', 12, 48, 45, 236),
(136, '2023-04-22', '04:57:09', '04:56:23', '01:48:04', 567, 'Economique', 4, 14, 2, 168),
(137, '2024-03-06', '07:36:06', '10:34:53', '06:49:13', 398, 'Affaire', 6, 94, 46, 372),
(138, '2023-06-07', '10:52:22', '23:51:46', '17:27:15', 193, 'Affaire', 14, 4, 18, 58),
(139, '2023-06-02', '00:25:58', '11:20:11', '23:22:40', 226, 'Première', 1, 97, 5, 64),
(140, '2024-05-03', '14:07:35', '15:29:21', '02:27:04', 395, 'Première', 13, 9, 5, 481),
(141, '2023-09-24', '09:16:55', '04:14:09', '04:47:42', 177, 'Economique', 5, 31, 24, 331),
(142, '2024-12-26', '09:53:34', '07:33:00', '12:46:02', 351, 'Economique', 9, 98, 43, 61),
(143, '2024-02-24', '19:56:31', '05:24:40', '07:08:10', 565, 'Affaire', 8, 65, 32, 311),
(144, '2024-10-15', '17:11:42', '15:22:35', '19:17:44', 133, 'Affaire', 4, 96, 17, 115),
(145, '2024-06-03', '03:13:57', '22:36:54', '21:50:11', 623, 'Première', 2, 12, 21, 39),
(146, '2023-06-13', '18:04:38', '06:52:00', '19:42:07', 383, 'Première', 7, 65, 24, 470),
(147, '2024-12-12', '03:20:29', '08:43:15', '00:37:47', 348, 'Economique', 14, 27, 5, 146),
(148, '2024-08-13', '12:33:20', '21:26:09', '23:14:50', 709, 'Economique', 9, 37, 7, 323),
(149, '2025-01-27', '10:39:43', '02:54:28', '19:47:40', 454, 'Affaire', 5, 73, 47, 341),
(150, '2025-02-05', '02:34:15', '17:00:56', '15:14:25', 205, 'Affaire', 1, 33, 47, 375),
(151, '2025-03-06', '11:36:05', '20:51:36', '06:59:55', 117, 'Première', 5, 46, 41, 135),
(152, '2025-01-28', '06:17:33', '16:36:01', '21:38:25', 798, 'Première', 8, 37, 47, 327),
(153, '2024-01-25', '20:29:20', '10:15:28', '12:57:02', 464, 'Economique', 13, 67, 47, 400),
(154, '2025-02-02', '00:22:18', '12:51:29', '11:53:34', 564, 'Economique', 2, 21, 22, 367),
(155, '2023-10-16', '16:40:52', '04:46:26', '06:37:12', 282, 'Affaire', 9, 38, 36, 238),
(156, '2023-10-23', '02:40:23', '13:37:02', '15:54:53', 653, 'Affaire', 6, 13, 20, 261),
(157, '2023-08-10', '14:33:33', '07:43:07', '16:04:09', 719, 'Première', 8, 39, 29, 310),
(158, '2023-03-24', '10:39:11', '01:23:26', '20:03:15', 656, 'Première', 10, 79, 38, 172),
(159, '2025-01-05', '19:14:56', '11:52:56', '21:04:30', 245, 'Economique', 10, 93, 20, 110),
(160, '2024-04-06', '05:12:20', '04:26:33', '16:25:09', 516, 'Economique', 10, 3, 3, 91),
(161, '2024-01-15', '22:50:37', '12:02:41', '07:53:21', 779, 'Affaire', 1, 43, 32, 11),
(162, '2023-07-21', '16:14:18', '07:49:45', '19:30:06', 405, 'Affaire', 14, 31, 5, 38),
(163, '2024-05-18', '13:07:15', '23:06:59', '03:07:57', 308, 'Première', 2, 32, 13, 233),
(164, '2024-02-16', '12:37:16', '12:29:29', '11:08:48', 743, 'Première', 5, 10, 37, 355),
(165, '2025-02-28', '11:26:49', '17:33:02', '18:37:20', 783, 'Economique', 7, 48, 34, 101),
(166, '2024-08-29', '23:32:21', '21:53:09', '05:46:08', 290, 'Economique', 4, 52, 18, 328),
(167, '2024-05-16', '13:55:46', '03:00:05', '07:34:33', 116, 'Affaire', 13, 38, 22, 280),
(168, '2025-02-25', '17:53:41', '14:57:47', '19:45:06', 191, 'Affaire', 7, 93, 10, 32),
(169, '2024-05-18', '22:12:11', '17:39:52', '18:12:46', 234, 'Première', 6, 36, 35, 383),
(170, '2023-09-26', '15:11:48', '03:11:28', '02:04:35', 589, 'Première', 13, 9, 22, 32),
(171, '2023-11-01', '01:20:38', '20:34:20', '09:52:42', 575, 'Economique', 8, 74, 44, 27),
(172, '2023-06-28', '20:40:21', '13:15:50', '06:26:04', 602, 'Economique', 3, 8, 41, 374),
(173, '2023-10-04', '05:50:25', '00:36:10', '05:29:16', 300, 'Affaire', 15, 45, 12, 373),
(174, '2025-01-31', '03:14:45', '08:21:51', '11:02:51', 203, 'Affaire', 10, 66, 17, 405),
(175, '2025-01-05', '03:47:39', '08:13:50', '06:39:00', 109, 'Première', 13, 95, 12, 127),
(176, '2023-09-19', '08:54:37', '17:35:56', '14:03:28', 530, 'Première', 5, 80, 12, 170),
(177, '2024-03-04', '14:50:45', '03:51:10', '10:56:31', 108, 'Economique', 2, 44, 4, 52),
(178, '2024-01-10', '16:03:41', '16:55:45', '18:11:20', 255, 'Economique', 13, 98, 15, 230),
(179, '2023-11-11', '18:02:04', '10:26:48', '18:48:46', 483, 'Affaire', 13, 10, 36, 106),
(180, '2024-09-17', '11:41:40', '08:19:29', '01:01:45', 482, 'Affaire', 2, 9, 15, 246),
(181, '2023-05-15', '06:38:00', '08:17:26', '10:34:22', 532, 'Première', 3, 80, 48, 43),
(182, '2024-11-06', '10:11:43', '04:54:32', '21:40:54', 159, 'Première', 11, 18, 15, 13),
(183, '2023-11-07', '21:05:08', '05:57:14', '02:51:56', 779, 'Economique', 15, 46, 36, 232),
(184, '2023-11-17', '17:21:01', '04:32:38', '12:49:54', 217, 'Economique', 8, 24, 25, 247),
(185, '2024-05-11', '05:20:34', '18:11:54', '09:43:44', 577, 'Affaire', 10, 14, 42, 184),
(186, '2025-01-09', '21:02:08', '19:20:12', '17:37:36', 517, 'Affaire', 5, 28, 35, 404),
(187, '2024-06-30', '03:15:34', '23:38:21', '13:38:07', 353, 'Première', 10, 75, 42, 90),
(188, '2024-04-30', '04:45:20', '18:51:57', '21:10:36', 571, 'Première', 1, 42, 37, 153),
(189, '2023-05-18', '12:37:32', '03:00:49', '13:05:52', 437, 'Economique', 12, 40, 30, 359),
(190, '2023-08-09', '17:43:35', '07:57:50', '23:16:43', 761, 'Economique', 14, 89, 41, 279),
(191, '2024-02-09', '17:54:55', '01:07:40', '00:55:22', 439, 'Affaire', 4, 57, 24, 315),
(192, '2025-02-22', '17:50:15', '08:16:49', '07:52:33', 794, 'Affaire', 2, 32, 29, 125),
(193, '2024-07-15', '21:57:43', '22:32:50', '12:01:01', 794, 'Première', 14, 89, 50, 368),
(194, '2023-09-27', '16:45:10', '19:23:04', '15:42:38', 493, 'Première', 10, 95, 28, 419),
(195, '2024-01-17', '04:13:51', '02:35:59', '19:25:50', 634, 'Economique', 9, 79, 44, 353),
(196, '2024-08-26', '23:15:23', '03:45:54', '23:03:56', 681, 'Economique', 14, 84, 12, 334),
(197, '2024-04-21', '02:02:31', '22:15:21', '12:35:27', 386, 'Affaire', 6, 21, 49, 471),
(198, '2024-11-03', '03:52:15', '13:54:09', '19:54:07', 646, 'Affaire', 10, 31, 2, 244),
(199, '2024-03-04', '02:54:21', '03:27:42', '09:01:33', 197, 'Première', 4, 77, 28, 310),
(200, '2024-10-26', '21:39:51', '19:55:59', '06:53:05', 761, 'Première', 5, 88, 23, 142),
(201, '2024-07-30', '06:58:40', '15:53:31', '04:07:01', 643, 'Economique', 3, 17, 6, 322),
(202, '2024-09-14', '10:21:15', '10:45:54', '11:12:08', 710, 'Economique', 4, 62, 18, 36),
(203, '2023-11-18', '00:34:53', '05:50:46', '15:39:49', 339, 'Affaire', 11, 89, 3, 484),
(204, '2023-07-20', '00:29:34', '12:02:42', '23:54:48', 775, 'Affaire', 1, 85, 14, 278),
(205, '2023-04-02', '11:57:52', '22:53:29', '13:14:34', 429, 'Première', 15, 8, 31, 140),
(206, '2024-03-29', '01:53:58', '13:21:39', '16:58:17', 186, 'Première', 12, 10, 20, 137),
(207, '2024-01-27', '02:07:02', '02:38:11', '19:49:08', 756, 'Economique', 6, 100, 46, 9),
(208, '2023-11-20', '19:20:14', '18:22:02', '11:11:58', 443, 'Economique', 9, 73, 49, 280),
(209, '2024-05-16', '16:35:12', '22:03:14', '04:29:33', 350, 'Affaire', 6, 11, 30, 465),
(210, '2024-07-09', '08:20:03', '17:12:52', '16:30:34', 283, 'Affaire', 10, 40, 15, 92),
(211, '2025-01-13', '18:26:26', '21:31:29', '18:04:21', 751, 'Première', 2, 59, 3, 366),
(212, '2024-12-15', '13:46:47', '03:13:47', '19:56:59', 450, 'Première', 5, 76, 36, 132),
(213, '2024-03-23', '17:48:34', '15:44:27', '20:11:43', 135, 'Economique', 5, 50, 39, 477),
(214, '2024-02-29', '00:26:05', '03:57:30', '05:13:20', 210, 'Economique', 3, 76, 3, 108),
(215, '2023-04-16', '19:17:11', '16:06:03', '08:48:09', 420, 'Affaire', 6, 87, 20, 128),
(216, '2023-07-16', '07:03:37', '16:07:38', '07:52:19', 249, 'Affaire', 9, 41, 35, 431),
(217, '2024-08-13', '06:02:29', '19:08:45', '04:29:14', 719, 'Première', 9, 63, 14, 86),
(218, '2023-07-28', '13:54:38', '00:42:53', '13:24:25', 303, 'Première', 11, 95, 19, 311),
(219, '2023-06-04', '05:32:32', '11:13:07', '12:31:44', 281, 'Economique', 13, 97, 27, 268),
(220, '2023-12-31', '22:12:41', '23:08:44', '18:49:16', 104, 'Economique', 10, 41, 9, 321),
(221, '2023-06-27', '10:43:44', '01:31:26', '09:41:03', 739, 'Affaire', 5, 4, 38, 201),
(223, '2024-09-19', '12:29:40', '16:25:54', '22:41:19', 631, 'Première', 10, 95, 31, 344),
(224, '2024-05-15', '15:53:11', '22:54:04', '02:18:35', 551, 'Première', 14, 39, 31, 291),
(225, '2025-01-21', '20:05:16', '10:34:58', '09:30:45', 415, 'Economique', 11, 19, 20, 293),
(226, '2023-10-18', '23:30:50', '17:52:51', '17:33:34', 444, 'Economique', 15, 48, 42, 318),
(227, '2024-11-18', '03:44:27', '07:59:30', '21:07:11', 396, 'Affaire', 6, 83, 48, 84),
(228, '2023-06-19', '20:21:33', '07:43:41', '02:40:58', 788, 'Affaire', 4, 37, 43, 158),
(229, '2023-10-25', '02:50:47', '21:00:42', '06:20:44', 596, 'Première', 8, 34, 40, 211),
(230, '2023-10-14', '11:47:33', '02:58:11', '16:22:29', 247, 'Première', 5, 89, 14, 276),
(231, '2024-03-16', '07:23:58', '14:35:56', '14:23:22', 330, 'Economique', 10, 98, 26, 155),
(232, '2023-04-13', '21:37:57', '14:14:52', '20:15:21', 157, 'Economique', 1, 68, 18, 367),
(233, '2023-11-16', '12:58:17', '07:57:21', '16:20:11', 349, 'Affaire', 12, 21, 49, 282),
(234, '2025-02-17', '16:48:37', '04:42:51', '14:11:19', 113, 'Affaire', 1, 24, 31, 373),
(235, '2024-09-11', '02:46:10', '04:42:37', '14:28:27', 124, 'Première', 12, 50, 41, 491),
(236, '2024-10-11', '20:21:00', '06:25:57', '16:19:11', 365, 'Première', 8, 43, 34, 289),
(237, '2024-03-19', '11:26:13', '13:20:14', '03:37:13', 763, 'Economique', 6, 15, 24, 79),
(238, '2024-06-07', '10:28:38', '13:09:31', '08:39:49', 345, 'Economique', 8, 33, 41, 437),
(239, '2025-02-03', '02:32:05', '09:51:14', '05:47:43', 300, 'Affaire', 15, 65, 41, 392),
(240, '2023-06-25', '03:16:27', '01:56:35', '08:26:10', 636, 'Affaire', 8, 10, 21, 6),
(241, '2023-06-14', '13:42:50', '15:36:54', '00:59:06', 758, 'Première', 5, 99, 4, 27),
(242, '2024-08-18', '17:03:19', '05:20:45', '20:21:12', 436, 'Première', 9, 16, 38, 48),
(243, '2024-12-09', '14:34:15', '15:50:33', '18:59:55', 433, 'Economique', 9, 92, 35, 43),
(244, '2024-08-21', '07:42:05', '23:44:21', '16:57:37', 267, 'Economique', 3, 18, 23, 151),
(245, '2023-05-18', '19:20:08', '10:18:14', '17:15:38', 762, 'Affaire', 6, 30, 13, 343),
(246, '2023-10-21', '06:02:50', '09:32:12', '18:48:15', 152, 'Affaire', 7, 86, 6, 268),
(247, '2024-06-24', '10:53:01', '04:45:11', '21:01:58', 145, 'Première', 9, 74, 19, 153),
(248, '2025-01-04', '02:32:54', '22:34:29', '20:03:52', 290, 'Première', 5, 3, 26, 75),
(249, '2023-11-10', '08:13:24', '22:01:03', '00:09:51', 567, 'Economique', 11, 30, 13, 109),
(250, '2023-12-17', '04:45:06', '02:31:33', '11:26:53', 711, 'Economique', 11, 64, 21, 253);

-- --------------------------------------------------------

--
-- Doublure de structure pour la vue `v_pourcentbycompagnie`
-- (Voir ci-dessous la vue réelle)
--
DROP VIEW IF EXISTS `v_pourcentbycompagnie`;
CREATE TABLE IF NOT EXISTS `v_pourcentbycompagnie` (
`nom` varchar(100)
,`pourcent` double
);

-- --------------------------------------------------------

--
-- Doublure de structure pour la vue `v_total`
-- (Voir ci-dessous la vue réelle)
--
DROP VIEW IF EXISTS `v_total`;
CREATE TABLE IF NOT EXISTS `v_total` (
`total` double
);

-- --------------------------------------------------------

--
-- Structure de la vue `listvol`
--
DROP TABLE IF EXISTS `listvol`;

DROP VIEW IF EXISTS `listvol`;
CREATE ALGORITHM=UNDEFINED DEFINER=`root`@`localhost` SQL SECURITY DEFINER VIEW `listvol`  AS SELECT `v`.`date` AS `date`, `v`.`heure_dep` AS `heure_dep`, `v`.`heure_arr` AS `heure_arr`, `d`.`nom_aeroport` AS `nom_aeroport`, `c`.`nom` AS `nom` FROM ((`vol` `v` join `destination` `d` on((`v`.`ref_destination` = `d`.`id_destination`))) join `compagnie` `c` on((`c`.`id_companie` = `v`.`ref_compagnie`))) ;

-- --------------------------------------------------------

--
-- Structure de la vue `v_pourcentbycompagnie`
--
DROP TABLE IF EXISTS `v_pourcentbycompagnie`;

DROP VIEW IF EXISTS `v_pourcentbycompagnie`;
CREATE ALGORITHM=UNDEFINED DEFINER=`root`@`localhost` SQL SECURITY DEFINER VIEW `v_pourcentbycompagnie`  AS SELECT `c`.`nom` AS `nom`, ((sum(`v`.`prix`) / `vt`.`total`) * 100) AS `pourcent` FROM ((`vol` `v` join `compagnie` `c` on((`v`.`ref_compagnie` = `c`.`id_companie`))) join `v_total` `vt`) GROUP BY `c`.`id_companie` ;

-- --------------------------------------------------------

--
-- Structure de la vue `v_total`
--
DROP TABLE IF EXISTS `v_total`;

DROP VIEW IF EXISTS `v_total`;
CREATE ALGORITHM=UNDEFINED DEFINER=`root`@`localhost` SQL SECURITY DEFINER VIEW `v_total`  AS SELECT sum(`v`.`prix`) AS `total` FROM `vol` AS `v` ;

--
-- Contraintes pour les tables déchargées
--

--
-- Contraintes pour la table `avion`
--
ALTER TABLE `avion`
  ADD CONSTRAINT `fk_avion_modele` FOREIGN KEY (`ref_modele`) REFERENCES `modele` (`id_modele`) ON DELETE RESTRICT ON UPDATE RESTRICT;

--
-- Contraintes pour la table `destination`
--
ALTER TABLE `destination`
  ADD CONSTRAINT `fk_destination_ville` FOREIGN KEY (`ref_ville`) REFERENCES `ville` (`id_ville`) ON DELETE RESTRICT ON UPDATE RESTRICT;

--
-- Contraintes pour la table `hotel`
--
ALTER TABLE `hotel`
  ADD CONSTRAINT `fk_hotel_pays` FOREIGN KEY (`ref_pays`) REFERENCES `pays` (`id_pays`) ON DELETE RESTRICT ON UPDATE RESTRICT,
  ADD CONSTRAINT `fk_hotel_ville` FOREIGN KEY (`ref_ville`) REFERENCES `ville` (`id_ville`) ON DELETE RESTRICT ON UPDATE RESTRICT;

--
-- Contraintes pour la table `reservation`
--
ALTER TABLE `reservation`
  ADD CONSTRAINT `fk_reservation_hotel` FOREIGN KEY (`ref_hotel`) REFERENCES `hotel` (`id_hotel`) ON DELETE RESTRICT ON UPDATE RESTRICT,
  ADD CONSTRAINT `fk_reservation_user` FOREIGN KEY (`ref_user`) REFERENCES `user` (`id_user`) ON DELETE RESTRICT ON UPDATE RESTRICT;

--
-- Contraintes pour la table `user`
--
ALTER TABLE `user`
  ADD CONSTRAINT `fk_user_companie` FOREIGN KEY (`ref_compagnie`) REFERENCES `compagnie` (`id_companie`) ON DELETE RESTRICT ON UPDATE RESTRICT,
  ADD CONSTRAINT `fk_user_fonction` FOREIGN KEY (`ref_fonction`) REFERENCES `fonction` (`id_fonction`) ON DELETE RESTRICT ON UPDATE RESTRICT;

--
-- Contraintes pour la table `ville`
--
ALTER TABLE `ville`
  ADD CONSTRAINT `fk_ville_pays` FOREIGN KEY (`ref_pays`) REFERENCES `pays` (`id_pays`) ON DELETE RESTRICT ON UPDATE RESTRICT;

--
-- Contraintes pour la table `vol`
--
ALTER TABLE `vol`
  ADD CONSTRAINT `fk_vol_avion` FOREIGN KEY (`ref_avion`) REFERENCES `avion` (`id_avion`) ON DELETE RESTRICT ON UPDATE RESTRICT,
  ADD CONSTRAINT `fk_vol_compagnie` FOREIGN KEY (`ref_compagnie`) REFERENCES `compagnie` (`id_companie`) ON DELETE RESTRICT ON UPDATE RESTRICT,
  ADD CONSTRAINT `fk_vol_destination` FOREIGN KEY (`ref_destination`) REFERENCES `destination` (`id_destination`) ON DELETE RESTRICT ON UPDATE RESTRICT,
  ADD CONSTRAINT `fk_vol_user` FOREIGN KEY (`ref_pilote`) REFERENCES `user` (`id_user`) ON DELETE RESTRICT ON UPDATE RESTRICT;
COMMIT;

/*!40101 SET CHARACTER_SET_CLIENT=@OLD_CHARACTER_SET_CLIENT */;
/*!40101 SET CHARACTER_SET_RESULTS=@OLD_CHARACTER_SET_RESULTS */;
/*!40101 SET COLLATION_CONNECTION=@OLD_COLLATION_CONNECTION */;
